{
	"credit": "Made with Blockbench by ProbsWinter",
	"textures": {
		"3": "item/alkatraz",
		"4": "item/alkachains"
	},
	"elements": [
		{
			"from": [6.5, 4, 6.5],
			"to": [9.5, 6, 9.5],
			"rotation": {"angle": 0, "axis": "y", "origin": [0, -7, 0]},
			"faces": {
				"north": {"uv": [7.25, 6.5, 8, 7], "texture": "#3"},
				"east": {"uv": [0.5, 7.5, 1.25, 8], "texture": "#3"},
				"south": {"uv": [3, 7.5, 3.75, 8], "texture": "#3"},
				"west": {"uv": [3.75, 7.5, 4.5, 8], "texture": "#3"},
				"up": {"uv": [2.25, 7.75, 1.5, 7], "texture": "#3"},
				"down": {"uv": [3, 7, 2.25, 7.75], "texture": "#3"}
			}
		},
		{
			"from": [-12.48528, 8.02944, 6],
			"to": [-6.48528, 14.02944, 10],
			"rotation": {"angle": -45, "axis": "z", "origin": [-0.48528, -9.97056, -1]},
			"faces": {
				"north": {"uv": [2, 4, 0.5, 5.5], "texture": "#3"},
				"east": {"uv": [5.5, 4.5, 6.5, 6], "texture": "#3"},
				"south": {"uv": [0.5, 4, 2, 5.5], "texture": "#3"},
				"west": {"uv": [6, 0, 7, 1.5], "texture": "#3"},
				"up": {"uv": [3, 7, 1.5, 6], "texture": "#3"},
				"down": {"uv": [6.5, 6, 5, 7], "texture": "#3"}
			}
		},
		{
			"from": [0, 7, 5],
			"to": [4, 15, 11],
			"rotation": {"angle": 0, "axis": "y", "origin": [0, -8, 0]},
			"faces": {
				"north": {"uv": [2, 4, 3, 6], "texture": "#3"},
				"east": {"uv": [0, 0, 1.5, 2], "texture": "#3"},
				"south": {"uv": [3, 4, 2, 6], "texture": "#3"},
				"west": {"uv": [1.5, 0, 3, 2], "texture": "#3"},
				"up": {"uv": [6.5, 3, 5.5, 1.5], "texture": "#3"},
				"down": {"uv": [4, 5.5, 3, 7], "texture": "#3"}
			}
		},
		{
			"from": [13.02589, 15.5817, 7],
			"to": [18.02589, 16.5817, 9],
			"rotation": {"angle": 22.5, "axis": "z", "origin": [17.02589, -8.91827, 1]},
			"faces": {
				"north": {"uv": [4.5, 7.5, 5.75, 7.75], "texture": "#3"},
				"east": {"uv": [7.75, 2.25, 8.25, 2.5], "texture": "#3"},
				"south": {"uv": [5.75, 7.5, 7, 7.75], "texture": "#3"},
				"west": {"uv": [7.75, 2.5, 8.25, 2.75], "texture": "#3"},
				"up": {"uv": [7.75, 2, 6.5, 1.5], "texture": "#3"},
				"down": {"uv": [7.75, 2, 6.5, 2.5], "texture": "#3"}
			}
		},
		{
			"from": [-2.02589, 15.5817, 7],
			"to": [2.97411, 16.5817, 9],
			"rotation": {"angle": -22.5, "axis": "z", "origin": [-1.02589, -8.91827, 1]},
			"faces": {
				"north": {"uv": [7, 7.5, 8.25, 7.75], "texture": "#3"},
				"east": {"uv": [7.75, 2.75, 8.25, 3], "texture": "#3"},
				"south": {"uv": [7.5, 7, 8.75, 7.25], "texture": "#3"},
				"west": {"uv": [7.75, 3, 8.25, 3.25], "texture": "#3"},
				"up": {"uv": [7.75, 3, 6.5, 2.5], "texture": "#3"},
				"down": {"uv": [7.75, 3, 6.5, 3.5], "texture": "#3"}
			}
		},
		{
			"from": [7, -12, 7],
			"to": [9, 10, 9],
			"rotation": {"angle": 0, "axis": "y", "origin": [0, -5, 0]},
			"faces": {
				"north": {"uv": [0.5, 4, 0, 9.5], "texture": "#3"},
				"east": {"uv": [3.5, 0, 4, 5.5], "texture": "#3"},
				"south": {"uv": [0, 4, 0.5, 9.5], "texture": "#3"},
				"west": {"uv": [4, 0, 4.5, 5.5], "texture": "#3"},
				"up": {"uv": [2, 6, 1.5, 5.5], "texture": "#3"},
				"down": {"uv": [5.5, 5.5, 5, 6], "texture": "#3"}
			}
		},
		{
			"from": [12.83454, 5.9416, 7],
			"to": [17.83454, 6.9416, 9],
			"rotation": {"angle": -22.5, "axis": "z", "origin": [16.83454, 30.94158, 2]},
			"faces": {
				"north": {"uv": [7.5, 7.25, 8.75, 7.5], "texture": "#3"},
				"east": {"uv": [7.75, 3.25, 8.25, 3.5], "texture": "#3"},
				"south": {"uv": [7.75, 0, 9, 0.25], "texture": "#3"},
				"west": {"uv": [7.75, 3.5, 8.25, 3.75], "texture": "#3"},
				"up": {"uv": [7.75, 4, 6.5, 3.5], "texture": "#3"},
				"down": {"uv": [7.75, 4, 6.5, 4.5], "texture": "#3"}
			}
		},
		{
			"from": [-1.83454, 5.9416, 7],
			"to": [3.16546, 6.9416, 9],
			"rotation": {"angle": 22.5, "axis": "z", "origin": [-0.83454, 30.94158, 2]},
			"faces": {
				"north": {"uv": [7.75, 0.25, 9, 0.5], "texture": "#3"},
				"east": {"uv": [7.75, 3.75, 8.25, 4], "texture": "#3"},
				"south": {"uv": [7.75, 0.5, 9, 0.75], "texture": "#3"},
				"west": {"uv": [7.75, 4, 8.25, 4.25], "texture": "#3"},
				"up": {"uv": [7.75, 5, 6.5, 4.5], "texture": "#3"},
				"down": {"uv": [7.75, 5, 6.5, 5.5], "texture": "#3"}
			}
		},
		{
			"from": [12, 7, 5],
			"to": [16, 15, 11],
			"rotation": {"angle": 0, "axis": "y", "origin": [0, -8, 0]},
			"faces": {
				"north": {"uv": [4.5, 3.5, 5.5, 5.5], "texture": "#3"},
				"east": {"uv": [0, 2, 1.5, 4], "texture": "#3"},
				"south": {"uv": [5.5, 3.5, 4.5, 5.5], "texture": "#3"},
				"west": {"uv": [1.5, 2, 3, 4], "texture": "#3"},
				"up": {"uv": [6.5, 4.5, 5.5, 3], "texture": "#3"},
				"down": {"uv": [5, 5.5, 4, 7], "texture": "#3"}
			}
		},
		{
			"from": [10.22283, -7.22183, 7],
			"to": [12.22283, -5.22183, 9],
			"rotation": {"angle": -45, "axis": "z", "origin": [0.22283, -6.22183, 0]},
			"faces": {
				"north": {"uv": [7.75, 0.75, 8.25, 1.25], "texture": "#3"},
				"east": {"uv": [1.25, 7.75, 1.75, 8.25], "texture": "#3"},
				"south": {"uv": [7.75, 1.25, 8.25, 1.75], "texture": "#3"},
				"west": {"uv": [1.75, 7.75, 2.25, 8.25], "texture": "#3"},
				"up": {"uv": [8.25, 2.25, 7.75, 1.75], "texture": "#3"},
				"down": {"uv": [2.75, 7.75, 2.25, 8.25], "texture": "#3"}
			}
		},
		{
			"from": [6.5, -10, 6.5],
			"to": [9.5, -8, 9.5],
			"rotation": {"angle": 0, "axis": "y", "origin": [0, -5, 0]},
			"faces": {
				"north": {"uv": [3, 7, 3.75, 7.5], "texture": "#3"},
				"east": {"uv": [3.75, 7, 4.5, 7.5], "texture": "#3"},
				"south": {"uv": [4.5, 7, 5.25, 7.5], "texture": "#3"},
				"west": {"uv": [5.25, 7, 6, 7.5], "texture": "#3"},
				"up": {"uv": [7.25, 6.25, 6.5, 5.5], "texture": "#3"},
				"down": {"uv": [7.25, 6.25, 6.5, 7], "texture": "#3"}
			}
		},
		{
			"from": [6.5, -14, 6.5],
			"to": [9.5, -12, 9.5],
			"rotation": {"angle": 0, "axis": "y", "origin": [0, -5, 0]},
			"faces": {
				"north": {"uv": [6, 7, 6.75, 7.5], "texture": "#3"},
				"east": {"uv": [6.75, 7, 7.5, 7.5], "texture": "#3"},
				"south": {"uv": [7.25, 5.5, 8, 6], "texture": "#3"},
				"west": {"uv": [7.25, 6, 8, 6.5], "texture": "#3"},
				"up": {"uv": [7.75, 0.75, 7, 0], "texture": "#3"},
				"down": {"uv": [7.75, 0.75, 7, 1.5], "texture": "#3"}
			}
		},
		{
			"from": [4.5, -3, 8],
			"to": [6.5, 9, 8],
			"faces": {
				"north": {"uv": [0, 0, 2, 12], "texture": "#4"},
				"east": {"uv": [0, 0, 0, 12], "texture": "#4"},
				"south": {"uv": [2, 0, 0, 12], "texture": "#4"},
				"west": {"uv": [0, 0, 0, 12], "texture": "#4"},
				"up": {"uv": [2, 0, 0, 0], "texture": "#4"},
				"down": {"uv": [2, 0, 0, 0], "texture": "#4"}
			}
		},
		{
			"from": [5.5, -3, 7],
			"to": [5.5, 9, 9],
			"faces": {
				"north": {"uv": [0, 0, 0, 12], "texture": "#4"},
				"east": {"uv": [2, 0, 0, 12], "texture": "#4"},
				"south": {"uv": [0, 0, 0, 12], "texture": "#4"},
				"west": {"uv": [0, 0, 2, 12], "texture": "#4"},
				"up": {"uv": [0, 2, 0, 0], "texture": "#4"},
				"down": {"uv": [0, 0, 0, 2], "texture": "#4"}
			}
		}
	],
	"display": {
		"thirdperson_righthand": {
			"rotation": [0, 90, 0],
			"translation": [0, 8.5, 2],
			"scale": [1.25, 1.25, 1.25]
		},
		"thirdperson_lefthand": {
			"rotation": [0, 90, 0],
			"translation": [0, 8.5, 2],
			"scale": [1.25, 1.25, 1.25]
		},
		"firstperson_righthand": {
			"rotation": [-10, 90, 0],
			"translation": [2.5, 5.5, 0],
			"scale": [0.8, 0.8, 0.8]
		},
		"firstperson_lefthand": {
			"rotation": [-10, 90, 0],
			"translation": [2.5, 5.5, 0],
			"scale": [0.8, 0.8, 0.8]
		},
		"gui": {
			"rotation": [-25, -30, -20],
			"translation": [0.5, 3.5, 0],
			"scale": [0.65, 0.65, 0.65]
		}
	}
}