{
	"credit": "Made with Blockbench by ProbsWinter",
	"texture_size": [64, 64],
	"textures": {
		"2": "item/cataclysm",
		"3": "anim/catariftanim",
		"particle": "anim/catariftanim"
	},
	"elements": [
		{
			"name": "nethercore",
			"from": [-1.625, 8.65, 7],
			"to": [2.375, 12.65, 9],
			"rotation": {"angle": -45, "axis": "z", "origin": [-0.48528, -0.48528, 0]},
			"faces": {
				"north": {"uv": [3, 1.5, 4, 2.5], "texture": "#2"},
				"east": {"uv": [2.5, 6.5, 3, 7.5], "texture": "#2"},
				"south": {"uv": [3, 2.5, 4, 3.5], "texture": "#2"},
				"west": {"uv": [6.5, 6, 7, 7], "texture": "#2"},
				"up": {"uv": [7.75, 0.5, 6.75, 0], "texture": "#2"},
				"down": {"uv": [7.75, 0.5, 6.75, 1], "texture": "#2"}
			}
		},
		{
			"from": [19.05086, 7.27503, 7.755],
			"to": [21.05086, 12.27503, 8.245],
			"rotation": {"angle": 45, "axis": "z", "origin": [0.05086, 6.27503, 0]},
			"faces": {
				"north": {"uv": [0.5, 5.25, 1, 6.5], "texture": "#2"},
				"east": {"uv": [7, 1.25, 7.25, 2.5], "texture": "#2"},
				"south": {"uv": [1, 5.25, 1.5, 6.5], "texture": "#2"},
				"west": {"uv": [7, 6, 7.25, 7.25], "texture": "#2"},
				"up": {"uv": [8.5, 6.25, 8, 6], "texture": "#2"},
				"down": {"uv": [8.75, 6.25, 8.25, 6.5], "texture": "#2"}
			}
		},
		{
			"from": [12.93478, 11.86341, 7.75],
			"to": [14.93478, 17.86341, 8.25],
			"rotation": {"angle": 22.5, "axis": "z", "origin": [-6.06522, 10.86341, 0]},
			"faces": {
				"north": {"uv": [4, 4.5, 4.5, 6], "texture": "#2"},
				"east": {"uv": [0, 6.75, 0.25, 8.25], "texture": "#2"},
				"south": {"uv": [4.5, 4.5, 5, 6], "texture": "#2"},
				"west": {"uv": [0.25, 6.75, 0.5, 8.25], "texture": "#2"},
				"up": {"uv": [8.5, 8.5, 8, 8.25], "texture": "#2"},
				"down": {"uv": [9, 0, 8.5, 0.25], "texture": "#2"}
			}
		},
		{
			"from": [11.10581, 11.05827, 7.76],
			"to": [14.10581, 21.05827, 8.24],
			"rotation": {"angle": 0, "axis": "y", "origin": [-5.89419, 12.05827, 0]},
			"faces": {
				"north": {"uv": [0, 0, 0.75, 2.5], "texture": "#2"},
				"east": {"uv": [1.5, 5.25, 1.75, 7.75], "texture": "#2"},
				"south": {"uv": [0.75, 0, 1.5, 2.5], "texture": "#2"},
				"west": {"uv": [1.75, 5.25, 2, 7.75], "texture": "#2"},
				"up": {"uv": [8.25, 6.5, 7.5, 6.25], "texture": "#2"},
				"down": {"uv": [8.5, 6.5, 7.75, 6.75], "texture": "#2"}
			}
		},
		{
			"from": [-10.055, 24.29154, 7.75],
			"to": [-8.055, 27.29154, 8.25],
			"rotation": {"angle": -45, "axis": "z", "origin": [-4.52199, -4.70846, 0]},
			"faces": {
				"north": {"uv": [3, 6.75, 3.5, 7.5], "texture": "#2"},
				"east": {"uv": [6, 7.75, 6.25, 8.5], "texture": "#2"},
				"south": {"uv": [6.75, 3, 7.25, 3.75], "texture": "#2"},
				"west": {"uv": [6.25, 7.75, 6.5, 8.5], "texture": "#2"},
				"up": {"uv": [9, 0.5, 8.5, 0.25], "texture": "#2"},
				"down": {"uv": [9, 0.5, 8.5, 0.75], "texture": "#2"}
			}
		},
		{
			"from": [1.38648, 25.28247, 7.755],
			"to": [2.80048, 26.69647, 8.245],
			"rotation": {"angle": -22.5, "axis": "z", "origin": [3.38648, 6.28247, 0]},
			"faces": {
				"north": {"uv": [7.25, 7, 7.5, 7.25], "texture": "#2"},
				"east": {"uv": [8, 5.75, 8.25, 6], "texture": "#2"},
				"south": {"uv": [8.5, 6, 8.75, 6.25], "texture": "#2"},
				"west": {"uv": [8.5, 6.5, 8.75, 6.75], "texture": "#2"},
				"up": {"uv": [8.75, 7, 8.5, 6.75], "texture": "#2"},
				"down": {"uv": [7.25, 8.5, 7, 8.75], "texture": "#2"}
			}
		},
		{
			"from": [-14.055, 2.70846, 7.755],
			"to": [-8.055, 5.70846, 8.245],
			"rotation": {"angle": 45, "axis": "z", "origin": [-4.52199, 34.70846, 0]},
			"faces": {
				"north": {"uv": [0, 2.5, 1.5, 3.25], "texture": "#2"},
				"east": {"uv": [7.75, 6.75, 8, 7.5], "texture": "#2"},
				"south": {"uv": [1.5, 2.5, 3, 3.25], "texture": "#2"},
				"west": {"uv": [7, 7.75, 7.25, 8.5], "texture": "#2"},
				"up": {"uv": [7.25, 4.5, 5.75, 4.25], "texture": "#2"},
				"down": {"uv": [8.25, 3.75, 6.75, 4], "texture": "#2"}
			}
		},
		{
			"from": [11.76159, 0.8614, 7.75],
			"to": [13.76159, 4.8614, 8.25],
			"rotation": {"angle": 22.5, "axis": "z", "origin": [-7.23841, 9.8614, 0]},
			"faces": {
				"north": {"uv": [6.25, 0, 6.75, 1], "texture": "#2"},
				"east": {"uv": [7.25, 5.5, 7.5, 6.5], "texture": "#2"},
				"south": {"uv": [0.5, 6.5, 1, 7.5], "texture": "#2"},
				"west": {"uv": [5.75, 7.25, 6, 8.25], "texture": "#2"},
				"up": {"uv": [9, 1.25, 8.5, 1], "texture": "#2"},
				"down": {"uv": [9, 1.25, 8.5, 1.5], "texture": "#2"}
			}
		},
		{
			"from": [11.08887, -1.25992, 7.75],
			"to": [13.08887, 3.74008, 8.25],
			"rotation": {"angle": -22.5, "axis": "z", "origin": [32.08887, 7.74008, 0]},
			"faces": {
				"north": {"uv": [2, 5.25, 2.5, 6.5], "texture": "#2"},
				"east": {"uv": [6.5, 7, 6.75, 8.25], "texture": "#2"},
				"south": {"uv": [2.5, 5.25, 3, 6.5], "texture": "#2"},
				"west": {"uv": [6.75, 7, 7, 8.25], "texture": "#2"},
				"up": {"uv": [9, 1.75, 8.5, 1.5], "texture": "#2"},
				"down": {"uv": [9, 1.75, 8.5, 2], "texture": "#2"}
			}
		},
		{
			"from": [-5.05086, 7.27503, 7.755],
			"to": [-3.05086, 12.27503, 8.245],
			"rotation": {"angle": -45, "axis": "z", "origin": [15.94914, 6.27503, 0]},
			"faces": {
				"north": {"uv": [3, 5.5, 3.5, 6.75], "texture": "#2"},
				"east": {"uv": [7.25, 1.25, 7.5, 2.5], "texture": "#2"},
				"south": {"uv": [3.5, 5.5, 4, 6.75], "texture": "#2"},
				"west": {"uv": [7.25, 2.5, 7.5, 3.75], "texture": "#2"},
				"up": {"uv": [9, 2.5, 8.5, 2.25], "texture": "#2"},
				"down": {"uv": [9, 2.5, 8.5, 2.75], "texture": "#2"}
			}
		},
		{
			"from": [1.06522, 11.86341, 7.75],
			"to": [3.06522, 17.86341, 8.25],
			"rotation": {"angle": -22.5, "axis": "z", "origin": [22.06522, 10.86341, 0]},
			"faces": {
				"north": {"uv": [5, 4.5, 5.5, 6], "texture": "#2"},
				"east": {"uv": [3.5, 6.75, 3.75, 8.25], "texture": "#2"},
				"south": {"uv": [0, 5.25, 0.5, 6.75], "texture": "#2"},
				"west": {"uv": [3.75, 6.75, 4, 8.25], "texture": "#2"},
				"up": {"uv": [9, 3, 8.5, 2.75], "texture": "#2"},
				"down": {"uv": [9, 3, 8.5, 3.25], "texture": "#2"}
			}
		},
		{
			"from": [1.89419, 11.05827, 7.76],
			"to": [4.89419, 21.05827, 8.24],
			"rotation": {"angle": 0, "axis": "y", "origin": [21.89419, 12.05827, 0]},
			"faces": {
				"north": {"uv": [1.5, 0, 2.25, 2.5], "texture": "#2"},
				"east": {"uv": [4, 6, 4.25, 8.5], "texture": "#2"},
				"south": {"uv": [2.25, 0, 3, 2.5], "texture": "#2"},
				"west": {"uv": [4.25, 6, 4.5, 8.5], "texture": "#2"},
				"up": {"uv": [8.75, 1, 8, 0.75], "texture": "#2"},
				"down": {"uv": [8.75, 2, 8, 2.25], "texture": "#2"}
			}
		},
		{
			"from": [24.055, 24.29154, 7.75],
			"to": [26.055, 27.29154, 8.25],
			"rotation": {"angle": 45, "axis": "z", "origin": [20.52199, -4.70846, 0]},
			"faces": {
				"north": {"uv": [6.75, 4.5, 7.25, 5.25], "texture": "#2"},
				"east": {"uv": [2, 8, 2.25, 8.75], "texture": "#2"},
				"south": {"uv": [6.75, 5.25, 7.25, 6], "texture": "#2"},
				"west": {"uv": [2.25, 8, 2.5, 8.75], "texture": "#2"},
				"up": {"uv": [9, 3.5, 8.5, 3.25], "texture": "#2"},
				"down": {"uv": [9, 3.5, 8.5, 3.75], "texture": "#2"}
			}
		},
		{
			"from": [13.19952, 25.28247, 7.755],
			"to": [14.61352, 26.69647, 8.245],
			"rotation": {"angle": 22.5, "axis": "z", "origin": [12.61352, 6.28247, 0]},
			"faces": {
				"north": {"uv": [8.5, 7.75, 8.75, 8], "texture": "#2"},
				"east": {"uv": [8, 8.5, 8.25, 8.75], "texture": "#2"},
				"south": {"uv": [8.5, 8, 8.75, 8.25], "texture": "#2"},
				"west": {"uv": [8.25, 8.5, 8.5, 8.75], "texture": "#2"},
				"up": {"uv": [8.75, 8.5, 8.5, 8.25], "texture": "#2"},
				"down": {"uv": [8.75, 8.5, 8.5, 8.75], "texture": "#2"}
			}
		},
		{
			"from": [24.055, 2.70846, 7.755],
			"to": [30.055, 5.70846, 8.245],
			"rotation": {"angle": -45, "axis": "z", "origin": [20.52199, 34.70846, 0]},
			"faces": {
				"north": {"uv": [3, 0, 4.5, 0.75], "texture": "#2"},
				"east": {"uv": [8, 2.25, 8.25, 3], "texture": "#2"},
				"south": {"uv": [3, 0.75, 4.5, 1.5], "texture": "#2"},
				"west": {"uv": [2.75, 8, 3, 8.75], "texture": "#2"},
				"up": {"uv": [8.25, 4.25, 6.75, 4], "texture": "#2"},
				"down": {"uv": [8.5, 1, 7, 1.25], "texture": "#2"}
			}
		},
		{
			"from": [2.23841, 0.8614, 7.75],
			"to": [4.23841, 4.8614, 8.25],
			"rotation": {"angle": -22.5, "axis": "z", "origin": [23.23841, 9.8614, 0]},
			"faces": {
				"north": {"uv": [1, 6.5, 1.5, 7.5], "texture": "#2"},
				"east": {"uv": [7.5, 2.25, 7.75, 3.25], "texture": "#2"},
				"south": {"uv": [2, 6.5, 2.5, 7.5], "texture": "#2"},
				"west": {"uv": [2.5, 7.5, 2.75, 8.5], "texture": "#2"},
				"up": {"uv": [9, 4, 8.5, 3.75], "texture": "#2"},
				"down": {"uv": [4.5, 8.5, 4, 8.75], "texture": "#2"}
			}
		},
		{
			"from": [2.91113, -1.25992, 7.75],
			"to": [4.91113, 3.74008, 8.25],
			"rotation": {"angle": 22.5, "axis": "z", "origin": [-16.08887, 7.74008, 0]},
			"faces": {
				"north": {"uv": [5.75, 3, 6.25, 4.25], "texture": "#2"},
				"east": {"uv": [7.25, 4.25, 7.5, 5.5], "texture": "#2"},
				"south": {"uv": [4.5, 6, 5, 7.25], "texture": "#2"},
				"west": {"uv": [4.5, 7.25, 4.75, 8.5], "texture": "#2"},
				"up": {"uv": [9, 4.25, 8.5, 4], "texture": "#2"},
				"down": {"uv": [9, 4.25, 8.5, 4.5], "texture": "#2"}
			}
		},
		{
			"from": [13.6603, 3.95124, 7.625],
			"to": [14.4103, 6.95124, 8.375],
			"rotation": {"angle": 0, "axis": "y", "origin": [0, 7, 0]},
			"faces": {
				"north": {"uv": [8, 6.75, 8.25, 7.5], "texture": "#2"},
				"east": {"uv": [7.5, 8, 7.75, 8.75], "texture": "#2"},
				"south": {"uv": [8, 7.5, 8.25, 8.25], "texture": "#2"},
				"west": {"uv": [0, 8.25, 0.25, 9], "texture": "#2"},
				"up": {"uv": [9, 1, 8.75, 0.75], "texture": "#2"},
				"down": {"uv": [1.25, 8.75, 1, 9], "texture": "#2"}
			}
		},
		{
			"from": [1.5897, 3.95124, 7.625],
			"to": [2.3397, 6.95124, 8.375],
			"rotation": {"angle": 0, "axis": "y", "origin": [0, 7, 0]},
			"faces": {
				"north": {"uv": [3, 8, 3.25, 8.75], "texture": "#2"},
				"east": {"uv": [8, 3, 8.25, 3.75], "texture": "#2"},
				"south": {"uv": [8, 4.25, 8.25, 5], "texture": "#2"},
				"west": {"uv": [8, 5, 8.25, 5.75], "texture": "#2"},
				"up": {"uv": [0.75, 9, 0.5, 8.75], "texture": "#2"},
				"down": {"uv": [1, 8.75, 0.75, 9], "texture": "#2"}
			}
		},
		{
			"from": [4.63157, 7.82572, 7.25],
			"to": [9.63157, 9.32572, 8.75],
			"rotation": {"angle": 22.5, "axis": "z", "origin": [18.57657, 0.03419, 0]},
			"faces": {
				"north": {"uv": [4.5, 1, 5.75, 1.5], "texture": "#2"},
				"east": {"uv": [6, 7.25, 6.5, 7.75], "texture": "#2"},
				"south": {"uv": [5.5, 4.5, 6.75, 5], "texture": "#2"},
				"west": {"uv": [7.25, 6.5, 7.75, 7], "texture": "#2"},
				"up": {"uv": [6.75, 5.5, 5.5, 5], "texture": "#2"},
				"down": {"uv": [6.75, 5.5, 5.5, 6], "texture": "#2"}
			}
		},
		{
			"from": [2.30621, -5.8, 7.25],
			"to": [3.80621, 2.2, 8.75],
			"rotation": {"angle": 0, "axis": "y", "origin": [5.63193, -7.59116, -0.25]},
			"faces": {
				"north": {"uv": [0, 3.25, 0.5, 5.25], "texture": "#2"},
				"east": {"uv": [0.5, 3.25, 1, 5.25], "texture": "#2"},
				"south": {"uv": [1, 3.25, 1.5, 5.25], "texture": "#2"},
				"west": {"uv": [1.5, 3.25, 2, 5.25], "texture": "#2"},
				"up": {"uv": [3.25, 8, 2.75, 7.5], "texture": "#2"},
				"down": {"uv": [8, 3.25, 7.5, 3.75], "texture": "#2"}
			}
		},
		{
			"from": [-3.82819, -2.85674, 7.5],
			"to": [-2.32819, 2.14326, 8.5],
			"rotation": {"angle": 22.5, "axis": "z", "origin": [-0.50247, 12.51169, 0.25]},
			"faces": {
				"north": {"uv": [5, 6, 5.5, 7.25], "texture": "#2"},
				"east": {"uv": [4.75, 7.25, 5, 8.5], "texture": "#2"},
				"south": {"uv": [5.5, 6, 6, 7.25], "texture": "#2"},
				"west": {"uv": [5, 7.25, 5.25, 8.5], "texture": "#2"},
				"up": {"uv": [5, 8.75, 4.5, 8.5], "texture": "#2"},
				"down": {"uv": [9, 4.5, 8.5, 4.75], "texture": "#2"}
			}
		},
		{
			"from": [18.32819, -2.85674, 7.5],
			"to": [19.82819, 2.14326, 8.5],
			"rotation": {"angle": -22.5, "axis": "z", "origin": [16.50247, 12.51169, 0.25]},
			"faces": {
				"north": {"uv": [6, 6, 6.5, 7.25], "texture": "#2"},
				"east": {"uv": [5.25, 7.25, 5.5, 8.5], "texture": "#2"},
				"south": {"uv": [6.25, 3, 6.75, 4.25], "texture": "#2"},
				"west": {"uv": [5.5, 7.25, 5.75, 8.5], "texture": "#2"},
				"up": {"uv": [9, 5, 8.5, 4.75], "texture": "#2"},
				"down": {"uv": [5.5, 8.5, 5, 8.75], "texture": "#2"}
			}
		},
		{
			"from": [12.19379, -5.8, 7.25],
			"to": [13.69379, 2.2, 8.75],
			"rotation": {"angle": 0, "axis": "y", "origin": [10.36807, -7.59116, -0.25]},
			"faces": {
				"north": {"uv": [2, 3.25, 2.5, 5.25], "texture": "#2"},
				"east": {"uv": [2.5, 3.25, 3, 5.25], "texture": "#2"},
				"south": {"uv": [3, 3.5, 3.5, 5.5], "texture": "#2"},
				"west": {"uv": [3.5, 3.5, 4, 5.5], "texture": "#2"},
				"up": {"uv": [8, 4.75, 7.5, 4.25], "texture": "#2"},
				"down": {"uv": [8, 4.75, 7.5, 5.25], "texture": "#2"}
			}
		},
		{
			"from": [2.99982, 13.94895, 7],
			"to": [9.99982, 15.94895, 9],
			"rotation": {"angle": 45, "axis": "z", "origin": [18.94482, 5.65741, 0]},
			"faces": {
				"north": {"uv": [4, 1.5, 5.75, 2], "texture": "#2"},
				"east": {"uv": [7, 7.25, 7.5, 7.75], "texture": "#2"},
				"south": {"uv": [4, 2, 5.75, 2.5], "texture": "#2"},
				"west": {"uv": [0.5, 7.5, 1, 8], "texture": "#2"},
				"up": {"uv": [5.75, 3, 4, 2.5], "texture": "#2"},
				"down": {"uv": [5.75, 3, 4, 3.5], "texture": "#2"}
			}
		},
		{
			"from": [6.00018, 13.94895, 7],
			"to": [13.00018, 15.94895, 9],
			"rotation": {"angle": -45, "axis": "z", "origin": [-2.94482, 5.65741, 0]},
			"faces": {
				"north": {"uv": [4, 3.5, 5.75, 4], "texture": "#2"},
				"east": {"uv": [1, 7.5, 1.5, 8], "texture": "#2"},
				"south": {"uv": [4, 4, 5.75, 4.5], "texture": "#2"},
				"west": {"uv": [7.5, 1.25, 8, 1.75], "texture": "#2"},
				"up": {"uv": [6.25, 0.5, 4.5, 0], "texture": "#2"},
				"down": {"uv": [6.25, 0.5, 4.5, 1], "texture": "#2"}
			}
		},
		{
			"from": [9.82156, -6.17112, 7.5],
			"to": [10.82156, -3.17112, 8.5],
			"rotation": {"angle": 22.5, "axis": "z", "origin": [-6.46997, 9.77388, 0]},
			"faces": {
				"north": {"uv": [7.25, 7.75, 7.5, 8.5], "texture": "#2"},
				"east": {"uv": [7.75, 7.5, 8, 8.25], "texture": "#2"},
				"south": {"uv": [8, 0, 8.25, 0.75], "texture": "#2"},
				"west": {"uv": [0.5, 8, 0.75, 8.75], "texture": "#2"},
				"up": {"uv": [8.75, 7.25, 8.5, 7], "texture": "#2"},
				"down": {"uv": [7.5, 8.5, 7.25, 8.75], "texture": "#2"}
			}
		},
		{
			"from": [6.36843, 7.82572, 7.25],
			"to": [11.36843, 9.32572, 8.75],
			"rotation": {"angle": -22.5, "axis": "z", "origin": [-2.57657, 0.03419, 0]},
			"faces": {
				"north": {"uv": [5.75, 1, 7, 1.5], "texture": "#2"},
				"east": {"uv": [7.5, 1.75, 8, 2.25], "texture": "#2"},
				"south": {"uv": [5.75, 1.5, 7, 2], "texture": "#2"},
				"west": {"uv": [2, 7.5, 2.5, 8], "texture": "#2"},
				"up": {"uv": [7, 2.5, 5.75, 2], "texture": "#2"},
				"down": {"uv": [7, 2.5, 5.75, 3], "texture": "#2"}
			}
		},
		{
			"from": [5.17844, -6.17112, 7.5],
			"to": [6.17844, -3.17112, 8.5],
			"rotation": {"angle": -22.5, "axis": "z", "origin": [22.46997, 9.77388, 0]},
			"faces": {
				"north": {"uv": [0.75, 8, 1, 8.75], "texture": "#2"},
				"east": {"uv": [1, 8, 1.25, 8.75], "texture": "#2"},
				"south": {"uv": [1.25, 8, 1.5, 8.75], "texture": "#2"},
				"west": {"uv": [8, 1.25, 8.25, 2], "texture": "#2"},
				"up": {"uv": [8.75, 7.5, 8.5, 7.25], "texture": "#2"},
				"down": {"uv": [8.75, 7.5, 8.5, 7.75], "texture": "#2"}
			}
		},
		{
			"from": [9.6, 5.75, 7.505],
			"to": [10.6, 8.75, 8.495],
			"rotation": {"angle": -22.5, "axis": "z", "origin": [1.4133, 14.17249, 0.5]},
			"faces": {
				"north": {"uv": [8.25, 0, 8.5, 0.75], "texture": "#2"},
				"east": {"uv": [0.25, 8.25, 0.5, 9], "texture": "#2"},
				"south": {"uv": [8.25, 1.25, 8.5, 2], "texture": "#2"},
				"west": {"uv": [8.25, 2.25, 8.5, 3], "texture": "#2"},
				"up": {"uv": [1.5, 9, 1.25, 8.75], "texture": "#2"},
				"down": {"uv": [1.75, 8.75, 1.5, 9], "texture": "#2"}
			}
		},
		{
			"from": [12.90966, 5.4904, 7.5],
			"to": [13.90966, 7.4904, 8.5],
			"rotation": {"angle": -45, "axis": "z", "origin": [4.72296, 13.91289, 0.5]},
			"faces": {
				"north": {"uv": [7, 2.5, 7.25, 3], "texture": "#2"},
				"east": {"uv": [2.5, 8.5, 2.75, 9], "texture": "#2"},
				"south": {"uv": [3.25, 8.5, 3.5, 9], "texture": "#2"},
				"west": {"uv": [8.5, 5, 8.75, 5.5], "texture": "#2"},
				"up": {"uv": [2, 9, 1.75, 8.75], "texture": "#2"},
				"down": {"uv": [2.25, 8.75, 2, 9], "texture": "#2"}
			}
		},
		{
			"from": [0.7, 4.5, 7.6],
			"to": [1.5, 7, 8.4],
			"rotation": {"angle": 22.5, "axis": "z", "origin": [14.82258, 14.45492, 0.5]},
			"faces": {
				"north": {"uv": [8.25, 3, 8.5, 3.75], "texture": "#2"},
				"east": {"uv": [3.5, 8.25, 3.75, 9], "texture": "#2"},
				"south": {"uv": [3.75, 8.25, 4, 9], "texture": "#2"},
				"west": {"uv": [8.25, 3.75, 8.5, 4.5], "texture": "#2"},
				"up": {"uv": [9, 2.25, 8.75, 2], "texture": "#2"},
				"down": {"uv": [2.5, 8.75, 2.25, 9], "texture": "#2"}
			}
		},
		{
			"from": [5.65, -3.75, 7.7],
			"to": [6.25, 0.25, 8.3],
			"rotation": {"angle": 0, "axis": "y", "origin": [14.82258, 14.45492, 0.5]},
			"faces": {
				"north": {"uv": [3.25, 7.5, 3.5, 8.5], "texture": "#2"},
				"east": {"uv": [7.5, 5.25, 7.75, 6.25], "texture": "#2"},
				"south": {"uv": [7.5, 7, 7.75, 8], "texture": "#2"},
				"west": {"uv": [7.75, 0, 8, 1], "texture": "#2"},
				"up": {"uv": [3, 9, 2.75, 8.75], "texture": "#2"},
				"down": {"uv": [3.25, 8.75, 3, 9], "texture": "#2"}
			}
		},
		{
			"from": [5.4, 5.75, 7.505],
			"to": [6.4, 8.75, 8.495],
			"rotation": {"angle": 22.5, "axis": "z", "origin": [14.5867, 14.17249, 0.5]},
			"faces": {
				"north": {"uv": [8.25, 4.5, 8.5, 5.25], "texture": "#2"},
				"east": {"uv": [8.25, 5.25, 8.5, 6], "texture": "#2"},
				"south": {"uv": [5.75, 8.25, 6, 9], "texture": "#2"},
				"west": {"uv": [6.5, 8.25, 6.75, 9], "texture": "#2"},
				"up": {"uv": [4.25, 9, 4, 8.75], "texture": "#2"},
				"down": {"uv": [4.5, 8.75, 4.25, 9], "texture": "#2"}
			}
		},
		{
			"from": [2.09034, 5.4904, 7.5],
			"to": [3.09034, 7.4904, 8.5],
			"rotation": {"angle": 45, "axis": "z", "origin": [11.27704, 13.91289, 0.5]},
			"faces": {
				"north": {"uv": [5.5, 8.5, 5.75, 9], "texture": "#2"},
				"east": {"uv": [8.5, 5.5, 8.75, 6], "texture": "#2"},
				"south": {"uv": [6, 8.5, 6.25, 9], "texture": "#2"},
				"west": {"uv": [6.25, 8.5, 6.5, 9], "texture": "#2"},
				"up": {"uv": [4.75, 9, 4.5, 8.75], "texture": "#2"},
				"down": {"uv": [5, 8.75, 4.75, 9], "texture": "#2"}
			}
		},
		{
			"from": [14.5, 4.5, 7.6],
			"to": [15.3, 7, 8.4],
			"rotation": {"angle": -22.5, "axis": "z", "origin": [1.17742, 14.45492, 0.5]},
			"faces": {
				"north": {"uv": [6.75, 8.25, 7, 9], "texture": "#2"},
				"east": {"uv": [8.25, 6.75, 8.5, 7.5], "texture": "#2"},
				"south": {"uv": [8.25, 7.5, 8.5, 8.25], "texture": "#2"},
				"west": {"uv": [7.75, 8.25, 8, 9], "texture": "#2"},
				"up": {"uv": [5.25, 9, 5, 8.75], "texture": "#2"},
				"down": {"uv": [9, 5, 8.75, 5.25], "texture": "#2"}
			}
		},
		{
			"from": [9.75, -3.75, 7.7],
			"to": [10.35, 0.25, 8.3],
			"rotation": {"angle": 0, "axis": "y", "origin": [1.17742, 14.45492, 0.5]},
			"faces": {
				"north": {"uv": [1.5, 7.75, 1.75, 8.75], "texture": "#2"},
				"east": {"uv": [1.75, 7.75, 2, 8.75], "texture": "#2"},
				"south": {"uv": [7.75, 2.25, 8, 3.25], "texture": "#2"},
				"west": {"uv": [7.75, 5.25, 8, 6.25], "texture": "#2"},
				"up": {"uv": [5.5, 9, 5.25, 8.75], "texture": "#2"},
				"down": {"uv": [9, 5.25, 8.75, 5.5], "texture": "#2"}
			}
		},
		{
			"name": "riftanim",
			"from": [4.5, 0, 8],
			"to": [11.5, 32, 8],
			"rotation": {"angle": 0, "axis": "y", "origin": [0, 10, 0]},
			"faces": {
				"north": {"uv": [0, 0, 3.5, 16], "texture": "#3"},
				"east": {"uv": [0, 0, 0, 16], "texture": "#3"},
				"south": {"uv": [3.5, 0, 0, 16], "texture": "#3"},
				"west": {"uv": [0, 0, 0, 16], "texture": "#3"},
				"up": {"uv": [3.5, 0, 0, 0], "texture": "#3"},
				"down": {"uv": [3.5, 0, 0, 0], "texture": "#3"}
			}
		}
	],
	"display": {
		"thirdperson_righthand": {
			"rotation": [-90, 75, 7.5],
			"translation": [0, -1.5, 1.5],
			"scale": [0.75, 0.75, 0.75]
		},
		"thirdperson_lefthand": {
			"rotation": [-90, 75, 7.5],
			"translation": [0, -1.5, 1.5],
			"scale": [0.75, 0.75, 0.75]
		},
		"firstperson_righthand": {
			"rotation": [-95, -30, -15],
			"translation": [0, 2.5, 1.5],
			"scale": [0.75, 0.75, 0.75]
		},
		"firstperson_lefthand": {
			"rotation": [-95, -30, -15],
			"translation": [0, 2.5, 1.5],
			"scale": [0.75, 0.75, 0.75]
		},
		"ground": {
			"rotation": [70, 0, 0]
		},
		"gui": {
			"rotation": [-27, 165, 30],
			"translation": [-0.25, -1.75, 0],
			"scale": [0.65, 0.65, 0.65]
		}
	},
	"groups": [
		0,
		{
			"name": "group",
			"origin": [32.08887, 5.74008, 0],
			"color": 0,
			"children": [
				{
					"name": "eastblade",
					"origin": [32.08887, 5.74008, 0],
					"color": 0,
					"children": [1, 2, 3, 4, 5, 6, 7, 8]
				},
				{
					"name": "westblade",
					"origin": [32.08887, 5.74008, 0],
					"color": 0,
					"children": [9, 10, 11, 12, 13, 14, 15, 16]
				}
			]
		},
		{
			"name": "grip",
			"origin": [16, 0, 0],
			"color": 0,
			"children": [17, 18, 19, 20, 21, 22, 23, 24, 25, 26, 27, 28, 29, 30, 31, 32, 33, 34, 35, 36]
		},
		{
			"name": "animations",
			"origin": [16.19379, 0.2, 0.749],
			"color": 0,
			"children": [37]
		}
	]
}