{
	"credit": "Made with Blockbench by ProbsWinter",
	"texture_size": [32, 32],
	"textures": {
		"2": "item/divzer",
		"3": "anim/divzerstring"
	},
	"elements": [
		{
			"from": [6.5, 0.25, 1.75],
			"to": [9.5, 1.75, 3.25],
			"rotation": {"angle": 0, "axis": "y", "origin": [0, 0, -2]},
			"faces": {
				"north": {"uv": [2, 5, 3.5, 6], "texture": "#2"},
				"east": {"uv": [3.5, 6, 4.5, 7], "texture": "#2"},
				"south": {"uv": [3.5, 5, 5, 6], "texture": "#2"},
				"west": {"uv": [6, 4, 7, 5], "texture": "#2"},
				"up": {"uv": [6.5, 6, 5, 5], "texture": "#2"},
				"down": {"uv": [7, 0, 5.5, 1], "texture": "#2"}
			}
		},
		{
			"from": [0.6, 0.5, 3.5],
			"to": [2.6, 1.5, 4.5],
			"rotation": {"angle": -45, "axis": "y", "origin": [4.77832, 2, 2.49612]},
			"faces": {
				"north": {"uv": [9, 1, 10, 1.5], "texture": "#2"},
				"east": {"uv": [10, 6.5, 10.5, 7], "texture": "#2"},
				"south": {"uv": [2, 9, 3, 9.5], "texture": "#2"},
				"west": {"uv": [10, 7, 10.5, 7.5], "texture": "#2"},
				"up": {"uv": [4, 9.5, 3, 9], "texture": "#2"},
				"down": {"uv": [5, 9, 4, 9.5], "texture": "#2"}
			}
		},
		{
			"from": [-0.82348, 0.495, 4.63972],
			"to": [2.17652, 1.505, 5.63972],
			"rotation": {"angle": -22.5, "axis": "y", "origin": [4.42652, 2, 5.51472]},
			"faces": {
				"north": {"uv": [1.5, 8.5, 3, 9], "texture": "#2"},
				"east": {"uv": [10, 5.5, 10.5, 6], "texture": "#2"},
				"south": {"uv": [8.5, 1.5, 10, 2], "texture": "#2"},
				"west": {"uv": [10, 6, 10.5, 6.5], "texture": "#2"},
				"up": {"uv": [10, 2.5, 8.5, 2], "texture": "#2"},
				"down": {"uv": [10, 2.5, 8.5, 3], "texture": "#2"}
			}
		},
		{
			"from": [-3.25, 0, -1.625],
			"to": [1.75, 2, 0.375],
			"rotation": {"angle": 45, "axis": "y", "origin": [5, 2, 2]},
			"faces": {
				"north": {"uv": [3, 0, 5.5, 1], "texture": "#2"},
				"east": {"uv": [1.5, 7.5, 2.5, 8.5], "texture": "#2"},
				"south": {"uv": [3, 1, 5.5, 2], "texture": "#2"},
				"west": {"uv": [2.5, 7.5, 3.5, 8.5], "texture": "#2"},
				"up": {"uv": [5.5, 3, 3, 2], "texture": "#2"},
				"down": {"uv": [5.5, 3, 3, 4], "texture": "#2"}
			}
		},
		{
			"from": [-2.47168, 0.5, 3.5],
			"to": [1.52832, 1.5, 4.5],
			"rotation": {"angle": 0, "axis": "y", "origin": [4.77832, 2, 2.49612]},
			"faces": {
				"north": {"uv": [3.5, 7, 5.5, 7.5], "texture": "#2"},
				"east": {"uv": [10, 5, 10.5, 5.5], "texture": "#2"},
				"south": {"uv": [7, 4, 9, 4.5], "texture": "#2"},
				"west": {"uv": [5.5, 10, 6, 10.5], "texture": "#2"},
				"up": {"uv": [9, 5, 7, 4.5], "texture": "#2"},
				"down": {"uv": [7.5, 7, 5.5, 7.5], "texture": "#2"}
			}
		},
		{
			"from": [0.75, 0.25, 1],
			"to": [4.75, 1.75, 2.5],
			"rotation": {"angle": 45, "axis": "y", "origin": [5, 2, 2]},
			"faces": {
				"north": {"uv": [0, 4, 2, 5], "texture": "#2"},
				"east": {"uv": [7, 2, 8, 3], "texture": "#2"},
				"south": {"uv": [2, 4, 4, 5], "texture": "#2"},
				"west": {"uv": [7, 3, 8, 4], "texture": "#2"},
				"up": {"uv": [6, 5, 4, 4], "texture": "#2"},
				"down": {"uv": [2, 5, 0, 6], "texture": "#2"}
			}
		},
		{
			"from": [3.75, 0.5, 2.0138],
			"to": [4.75, 1.5, 5.0138],
			"rotation": {"angle": -22.5, "axis": "y", "origin": [4.40329, 1.5, 4.2638]},
			"faces": {
				"north": {"uv": [10, 4.5, 10.5, 5], "texture": "#2"},
				"east": {"uv": [6.5, 8, 8, 8.5], "texture": "#2"},
				"south": {"uv": [5, 10, 5.5, 10.5], "texture": "#2"},
				"west": {"uv": [8, 7.5, 9.5, 8], "texture": "#2"},
				"up": {"uv": [8.5, 9.5, 8, 8], "texture": "#2"},
				"down": {"uv": [9, 0, 8.5, 1.5], "texture": "#2"}
			}
		},
		{
			"from": [1.75, 0.495, 0.75],
			"to": [4.75, 1.505, 1.75],
			"rotation": {"angle": 22.5, "axis": "y", "origin": [5, 2, 2]},
			"faces": {
				"north": {"uv": [7.5, 6.5, 9, 7], "texture": "#2"},
				"east": {"uv": [4, 10, 4.5, 10.5], "texture": "#2"},
				"south": {"uv": [7.5, 7, 9, 7.5], "texture": "#2"},
				"west": {"uv": [4.5, 10, 5, 10.5], "texture": "#2"},
				"up": {"uv": [9.5, 3.5, 8, 3], "texture": "#2"},
				"down": {"uv": [9.5, 3.5, 8, 4], "texture": "#2"}
			}
		},
		{
			"from": [4.5, 0.5, -0.5],
			"to": [5.5, 1.5, 1.5],
			"rotation": {"angle": -45, "axis": "y", "origin": [5, 2, 2]},
			"faces": {
				"north": {"uv": [3, 10, 3.5, 10.5], "texture": "#2"},
				"east": {"uv": [9, 0, 10, 0.5], "texture": "#2"},
				"south": {"uv": [3.5, 10, 4, 10.5], "texture": "#2"},
				"west": {"uv": [9, 0.5, 10, 1], "texture": "#2"},
				"up": {"uv": [1.5, 10, 1, 9], "texture": "#2"},
				"down": {"uv": [2, 9, 1.5, 10], "texture": "#2"}
			}
		},
		{
			"from": [4, 0, 1],
			"to": [6, 2, 3],
			"rotation": {"angle": -22.5, "axis": "y", "origin": [5, 1, 2]},
			"faces": {
				"north": {"uv": [11, 4, 12, 5], "texture": "#2"},
				"east": {"uv": [11, 3, 12, 4], "texture": "#2"},
				"south": {"uv": [11, 5, 12, 6], "texture": "#2"},
				"west": {"uv": [11, 2, 12, 3], "texture": "#2"},
				"up": {"uv": [12, 1, 11, 0], "texture": "#2"},
				"down": {"uv": [12, 1, 11, 2], "texture": "#2"}
			}
		},
		{
			"from": [6.41421, 0.505, -0.12132],
			"to": [7.12132, 1.495, 0.58579],
			"rotation": {"angle": 0, "axis": "y", "origin": [7.2981, 1.5, -0.2981]},
			"faces": {
				"north": {"uv": [1.5, 10, 2, 10.5], "texture": "#2"},
				"east": {"uv": [10, 1.5, 10.5, 2], "texture": "#2"},
				"south": {"uv": [2, 10, 2.5, 10.5], "texture": "#2"},
				"west": {"uv": [10, 2, 10.5, 2.5], "texture": "#2"},
				"up": {"uv": [3, 10.5, 2.5, 10], "texture": "#2"},
				"down": {"uv": [10.5, 2.5, 10, 3], "texture": "#2"}
			}
		},
		{
			"from": [-0.2178, 0.495, 1.75],
			"to": [0.7822, 1.505, 4.75],
			"rotation": {"angle": -22.5, "axis": "y", "origin": [4.77832, 2, 2.49612]},
			"faces": {
				"north": {"uv": [1, 10, 1.5, 10.5], "texture": "#2"},
				"east": {"uv": [7.5, 6, 9, 6.5], "texture": "#2"},
				"south": {"uv": [10, 1, 10.5, 1.5], "texture": "#2"},
				"west": {"uv": [6.5, 7.5, 8, 8], "texture": "#2"},
				"up": {"uv": [8.5, 1.5, 8, 0], "texture": "#2"},
				"down": {"uv": [8.5, 1.5, 8, 3], "texture": "#2"}
			}
		},
		{
			"from": [4.4, 0.505, 2.5],
			"to": [6.4, 1.495, 3.5],
			"rotation": {"angle": 22.5, "axis": "y", "origin": [5, 2, 2]},
			"faces": {
				"north": {"uv": [7, 8.5, 8, 9], "texture": "#2"},
				"east": {"uv": [0.5, 10, 1, 10.5], "texture": "#2"},
				"south": {"uv": [8.5, 8, 9.5, 8.5], "texture": "#2"},
				"west": {"uv": [10, 0.5, 10.5, 1], "texture": "#2"},
				"up": {"uv": [9.5, 9, 8.5, 8.5], "texture": "#2"},
				"down": {"uv": [1, 9, 0, 9.5], "texture": "#2"}
			}
		},
		{
			"from": [-2.05, 0.25, 6],
			"to": [-1.05, 1.75, 12],
			"rotation": {"angle": -22.5, "axis": "y", "origin": [4.77832, 2, 2.49612]},
			"faces": {
				"north": {"uv": [6, 8.5, 6.5, 9.5], "texture": "#2"},
				"east": {"uv": [0, 0, 3, 1], "texture": "#2"},
				"south": {"uv": [6.5, 8.5, 7, 9.5], "texture": "#2"},
				"west": {"uv": [0, 1, 3, 2], "texture": "#2"},
				"up": {"uv": [6, 4, 5.5, 1], "texture": "#2"},
				"down": {"uv": [0.5, 6, 0, 9], "texture": "#2"}
			}
		},
		{
			"from": [0.23906, 0.5, -2.80215],
			"to": [0.94617, 1.5, -2.09504],
			"rotation": {"angle": 22.5, "axis": "y", "origin": [7.12295, 1.5, -1.97893]},
			"faces": {
				"north": {"uv": [9.5, 8.5, 10, 9], "texture": "#2"},
				"east": {"uv": [9, 9.5, 9.5, 10], "texture": "#2"},
				"south": {"uv": [9.5, 9, 10, 9.5], "texture": "#2"},
				"west": {"uv": [9.5, 9.5, 10, 10], "texture": "#2"},
				"up": {"uv": [0.5, 10.5, 0, 10], "texture": "#2"},
				"down": {"uv": [10.5, 0, 10, 0.5], "texture": "#2"}
			}
		},
		{
			"from": [-3.46068, 0.255, -1.49023],
			"to": [-2.75357, 1.745, -0.78312],
			"rotation": {"angle": 22.5, "axis": "y", "origin": [8.42321, 1.5, -0.66701]},
			"faces": {
				"north": {"uv": [9.5, 4.5, 10, 5], "texture": "#2"},
				"east": {"uv": [7.5, 9.5, 8, 10], "texture": "#2"},
				"south": {"uv": [9.5, 7.5, 10, 8], "texture": "#2"},
				"west": {"uv": [8, 9.5, 8.5, 10], "texture": "#2"},
				"up": {"uv": [10, 8.5, 9.5, 8], "texture": "#2"},
				"down": {"uv": [9, 9.5, 8.5, 10], "texture": "#2"}
			}
		},
		{
			"from": [18.75357, 0.255, -1.49023],
			"to": [19.46068, 1.745, -0.78312],
			"rotation": {"angle": -22.5, "axis": "y", "origin": [7.57679, 1.5, -0.66701]},
			"faces": {
				"north": {"uv": [7.5, 10, 8, 10.5], "texture": "#2"},
				"east": {"uv": [10, 7.5, 10.5, 8], "texture": "#2"},
				"south": {"uv": [8, 10, 8.5, 10.5], "texture": "#2"},
				"west": {"uv": [10, 8, 10.5, 8.5], "texture": "#2"},
				"up": {"uv": [9, 10.5, 8.5, 10], "texture": "#2"},
				"down": {"uv": [10.5, 8.5, 10, 9], "texture": "#2"}
			}
		},
		{
			"from": [21.20191, 0.255, 3.28768],
			"to": [21.90902, 1.745, 3.99479],
			"rotation": {"angle": -22.5, "axis": "y", "origin": [8.02513, 1.505, 4.1109]},
			"faces": {
				"north": {"uv": [9, 10, 9.5, 10.5], "texture": "#2"},
				"east": {"uv": [10, 9, 10.5, 9.5], "texture": "#2"},
				"south": {"uv": [9.5, 10, 10, 10.5], "texture": "#2"},
				"west": {"uv": [10, 9.5, 10.5, 10], "texture": "#2"},
				"up": {"uv": [10.5, 10.5, 10, 10], "texture": "#2"},
				"down": {"uv": [0.5, 10.5, 0, 11], "texture": "#2"}
			}
		},
		{
			"from": [-5.90902, 0.255, 3.28768],
			"to": [-5.20191, 1.745, 3.99479],
			"rotation": {"angle": 22.5, "axis": "y", "origin": [7.97487, 1.505, 4.1109]},
			"faces": {
				"north": {"uv": [10.5, 0.5, 11, 1], "texture": "#2"},
				"east": {"uv": [1, 10.5, 1.5, 11], "texture": "#2"},
				"south": {"uv": [10.5, 1, 11, 1.5], "texture": "#2"},
				"west": {"uv": [1.5, 10.5, 2, 11], "texture": "#2"},
				"up": {"uv": [11, 2, 10.5, 1.5], "texture": "#2"},
				"down": {"uv": [2.5, 10.5, 2, 11], "texture": "#2"}
			}
		},
		{
			"from": [17.05, 0.25, 6],
			"to": [18.05, 1.75, 12],
			"rotation": {"angle": 22.5, "axis": "y", "origin": [11.22168, 2, 2.49612]},
			"faces": {
				"north": {"uv": [9, 4, 9.5, 5], "texture": "#2"},
				"east": {"uv": [0, 2, 3, 3], "texture": "#2"},
				"south": {"uv": [5, 9, 5.5, 10], "texture": "#2"},
				"west": {"uv": [0, 3, 3, 4], "texture": "#2"},
				"up": {"uv": [1, 9, 0.5, 6], "texture": "#2"},
				"down": {"uv": [1.5, 6, 1, 9], "texture": "#2"}
			}
		},
		{
			"from": [15, 0.5, 6.6678],
			"to": [17, 1.5, 9.6678],
			"rotation": {"angle": 22.5, "axis": "y", "origin": [11.22168, 2, 2.49612]},
			"faces": {
				"north": {"uv": [9, 6, 10, 6.5], "texture": "#2"},
				"east": {"uv": [3, 8.5, 4.5, 9], "texture": "#2"},
				"south": {"uv": [9, 6.5, 10, 7], "texture": "#2"},
				"west": {"uv": [4.5, 8.5, 6, 9], "texture": "#2"},
				"up": {"uv": [7, 2.5, 6, 1], "texture": "#2"},
				"down": {"uv": [2.5, 6, 1.5, 7.5], "texture": "#2"}
			}
		},
		{
			"from": [16.55689, 0.505, 2.6439],
			"to": [18.55689, 1.495, 4.6439],
			"rotation": {"angle": -22.5, "axis": "y", "origin": [9.38521, 2, 8.42222]},
			"faces": {
				"north": {"uv": [7, 9, 8, 9.5], "texture": "#2"},
				"east": {"uv": [9, 7, 10, 7.5], "texture": "#2"},
				"south": {"uv": [8.5, 9, 9.5, 9.5], "texture": "#2"},
				"west": {"uv": [0, 9.5, 1, 10], "texture": "#2"},
				"up": {"uv": [4.5, 8.5, 3.5, 7.5], "texture": "#2"},
				"down": {"uv": [5.5, 7.5, 4.5, 8.5], "texture": "#2"}
			}
		},
		{
			"from": [-1, 0.5, 6.6678],
			"to": [1, 1.5, 9.6678],
			"rotation": {"angle": -22.5, "axis": "y", "origin": [4.77832, 2, 2.49612]},
			"faces": {
				"north": {"uv": [4, 9.5, 5, 10], "texture": "#2"},
				"east": {"uv": [8.5, 5, 10, 5.5], "texture": "#2"},
				"south": {"uv": [9.5, 4, 10.5, 4.5], "texture": "#2"},
				"west": {"uv": [8.5, 5.5, 10, 6], "texture": "#2"},
				"up": {"uv": [3.5, 7.5, 2.5, 6], "texture": "#2"},
				"down": {"uv": [7, 2.5, 6, 4], "texture": "#2"}
			}
		},
		{
			"from": [-2.55689, 0.505, 2.6439],
			"to": [-0.55689, 1.495, 4.6439],
			"rotation": {"angle": 22.5, "axis": "y", "origin": [6.61479, 2, 8.42222]},
			"faces": {
				"north": {"uv": [2, 9.5, 3, 10], "texture": "#2"},
				"east": {"uv": [3, 9.5, 4, 10], "texture": "#2"},
				"south": {"uv": [9.5, 3, 10.5, 3.5], "texture": "#2"},
				"west": {"uv": [9.5, 3.5, 10.5, 4], "texture": "#2"},
				"up": {"uv": [8.5, 6, 7.5, 5], "texture": "#2"},
				"down": {"uv": [6.5, 7.5, 5.5, 8.5], "texture": "#2"}
			}
		},
		{
			"from": [-3.39689, 0.005, 5.27037],
			"to": [-1.98268, 1.995, 6.68458],
			"rotation": {"angle": 0, "axis": "y", "origin": [0.22811, 2, -2.97963]},
			"faces": {
				"north": {"uv": [5.5, 9, 6, 10], "texture": "#2"},
				"east": {"uv": [6, 9.5, 6.5, 10.5], "texture": "#2"},
				"south": {"uv": [6.5, 9.5, 7, 10.5], "texture": "#2"},
				"west": {"uv": [7, 9.5, 7.5, 10.5], "texture": "#2"},
				"up": {"uv": [11, 0.5, 10.5, 0], "texture": "#2"},
				"down": {"uv": [1, 10.5, 0.5, 11], "texture": "#2"}
			}
		},
		{
			"from": [15.05383, 0.5, -2.80215],
			"to": [15.76094, 1.5, -2.09504],
			"rotation": {"angle": -22.5, "axis": "y", "origin": [8.87705, 1.5, -1.97893]},
			"faces": {
				"north": {"uv": [10, 8.5, 9.5, 9], "texture": "#2"},
				"east": {"uv": [10, 9.5, 9.5, 10], "texture": "#2"},
				"south": {"uv": [10, 9, 9.5, 9.5], "texture": "#2"},
				"west": {"uv": [9.5, 9.5, 9, 10], "texture": "#2"},
				"up": {"uv": [0, 10.5, 0.5, 10], "texture": "#2"},
				"down": {"uv": [10, 0, 10.5, 0.5], "texture": "#2"}
			}
		},
		{
			"from": [9.6, 0.505, 2.5],
			"to": [11.6, 1.495, 3.5],
			"rotation": {"angle": -22.5, "axis": "y", "origin": [11, 2, 2]},
			"faces": {
				"north": {"uv": [8, 8.5, 7, 9], "texture": "#2"},
				"east": {"uv": [10.5, 0.5, 10, 1], "texture": "#2"},
				"south": {"uv": [9.5, 8, 8.5, 8.5], "texture": "#2"},
				"west": {"uv": [1, 10, 0.5, 10.5], "texture": "#2"},
				"up": {"uv": [8.5, 9, 9.5, 8.5], "texture": "#2"},
				"down": {"uv": [0, 9, 1, 9.5], "texture": "#2"}
			}
		},
		{
			"from": [15.2178, 0.495, 1.75],
			"to": [16.2178, 1.505, 4.75],
			"rotation": {"angle": 22.5, "axis": "y", "origin": [11.22168, 2, 2.49612]},
			"faces": {
				"north": {"uv": [1.5, 10, 1, 10.5], "texture": "#2"},
				"east": {"uv": [8, 7.5, 6.5, 8], "texture": "#2"},
				"south": {"uv": [10.5, 1, 10, 1.5], "texture": "#2"},
				"west": {"uv": [9, 6, 7.5, 6.5], "texture": "#2"},
				"up": {"uv": [8, 1.5, 8.5, 0], "texture": "#2"},
				"down": {"uv": [8, 1.5, 8.5, 3], "texture": "#2"}
			}
		},
		{
			"from": [8.87868, 0.505, -0.12132],
			"to": [9.58579, 1.495, 0.58579],
			"rotation": {"angle": 0, "axis": "y", "origin": [8.7019, 1.5, -0.2981]},
			"faces": {
				"north": {"uv": [2, 10, 1.5, 10.5], "texture": "#2"},
				"east": {"uv": [10.5, 2, 10, 2.5], "texture": "#2"},
				"south": {"uv": [2.5, 10, 2, 10.5], "texture": "#2"},
				"west": {"uv": [10.5, 1.5, 10, 2], "texture": "#2"},
				"up": {"uv": [2.5, 10.5, 3, 10], "texture": "#2"},
				"down": {"uv": [10, 2.5, 10.5, 3], "texture": "#2"}
			}
		},
		{
			"from": [10, 0, 1],
			"to": [12, 2, 3],
			"rotation": {"angle": 22.5, "axis": "y", "origin": [11, 1, 2]},
			"faces": {
				"north": {"uv": [5.5, 6, 4.5, 7], "texture": "#2"},
				"east": {"uv": [7.5, 6, 6.5, 7], "texture": "#2"},
				"south": {"uv": [7.5, 5, 6.5, 6], "texture": "#2"},
				"west": {"uv": [6.5, 6, 5.5, 7], "texture": "#2"},
				"up": {"uv": [7, 1, 8, 0], "texture": "#2"},
				"down": {"uv": [7, 1, 8, 2], "texture": "#2"}
			}
		},
		{
			"from": [10.5, 0.5, -0.5],
			"to": [11.5, 1.5, 1.5],
			"rotation": {"angle": 45, "axis": "y", "origin": [11, 2, 2]},
			"faces": {
				"north": {"uv": [3.5, 10, 3, 10.5], "texture": "#2"},
				"east": {"uv": [10, 0.5, 9, 1], "texture": "#2"},
				"south": {"uv": [4, 10, 3.5, 10.5], "texture": "#2"},
				"west": {"uv": [10, 0, 9, 0.5], "texture": "#2"},
				"up": {"uv": [1, 10, 1.5, 9], "texture": "#2"},
				"down": {"uv": [1.5, 9, 2, 10], "texture": "#2"}
			}
		},
		{
			"from": [11.25, 0.495, 0.75],
			"to": [14.25, 1.505, 1.75],
			"rotation": {"angle": -22.5, "axis": "y", "origin": [11, 2, 2]},
			"faces": {
				"north": {"uv": [9, 6.5, 7.5, 7], "texture": "#2"},
				"east": {"uv": [5, 10, 4.5, 10.5], "texture": "#2"},
				"south": {"uv": [9, 7, 7.5, 7.5], "texture": "#2"},
				"west": {"uv": [4.5, 10, 4, 10.5], "texture": "#2"},
				"up": {"uv": [8, 3.5, 9.5, 3], "texture": "#2"},
				"down": {"uv": [8, 3.5, 9.5, 4], "texture": "#2"}
			}
		},
		{
			"from": [11.25, 0.5, 2.0138],
			"to": [12.25, 1.5, 5.0138],
			"rotation": {"angle": 22.5, "axis": "y", "origin": [11.59671, 1.5, 4.2638]},
			"faces": {
				"north": {"uv": [10.5, 4.5, 10, 5], "texture": "#2"},
				"east": {"uv": [9.5, 7.5, 8, 8], "texture": "#2"},
				"south": {"uv": [5.5, 10, 5, 10.5], "texture": "#2"},
				"west": {"uv": [8, 8, 6.5, 8.5], "texture": "#2"},
				"up": {"uv": [8, 9.5, 8.5, 8], "texture": "#2"},
				"down": {"uv": [8.5, 0, 9, 1.5], "texture": "#2"}
			}
		},
		{
			"from": [11.25, 0.25, 1],
			"to": [15.25, 1.75, 2.5],
			"rotation": {"angle": -45, "axis": "y", "origin": [11, 2, 2]},
			"faces": {
				"north": {"uv": [2, 4, 0, 5], "texture": "#2"},
				"east": {"uv": [8, 3, 7, 4], "texture": "#2"},
				"south": {"uv": [4, 4, 2, 5], "texture": "#2"},
				"west": {"uv": [8, 2, 7, 3], "texture": "#2"},
				"up": {"uv": [4, 5, 6, 4], "texture": "#2"},
				"down": {"uv": [0, 5, 2, 6], "texture": "#2"}
			}
		},
		{
			"from": [14.47168, 0.5, 3.5],
			"to": [18.47168, 1.5, 4.5],
			"rotation": {"angle": 0, "axis": "y", "origin": [11.22168, 2, 2.49612]},
			"faces": {
				"north": {"uv": [5.5, 7, 3.5, 7.5], "texture": "#2"},
				"east": {"uv": [6, 10, 5.5, 10.5], "texture": "#2"},
				"south": {"uv": [9, 4, 7, 4.5], "texture": "#2"},
				"west": {"uv": [10.5, 5, 10, 5.5], "texture": "#2"},
				"up": {"uv": [7, 5, 9, 4.5], "texture": "#2"},
				"down": {"uv": [5.5, 7, 7.5, 7.5], "texture": "#2"}
			}
		},
		{
			"from": [14.25, 0, -1.625],
			"to": [19.25, 2, 0.375],
			"rotation": {"angle": -45, "axis": "y", "origin": [11, 2, 2]},
			"faces": {
				"north": {"uv": [5.5, 0, 3, 1], "texture": "#2"},
				"east": {"uv": [3.5, 7.5, 2.5, 8.5], "texture": "#2"},
				"south": {"uv": [5.5, 1, 3, 2], "texture": "#2"},
				"west": {"uv": [2.5, 7.5, 1.5, 8.5], "texture": "#2"},
				"up": {"uv": [3, 3, 5.5, 2], "texture": "#2"},
				"down": {"uv": [3, 3, 5.5, 4], "texture": "#2"}
			}
		},
		{
			"from": [13.82348, 0.495, 4.63972],
			"to": [16.82348, 1.505, 5.63972],
			"rotation": {"angle": 22.5, "axis": "y", "origin": [11.57348, 2, 5.51472]},
			"faces": {
				"north": {"uv": [3, 8.5, 1.5, 9], "texture": "#2"},
				"east": {"uv": [10.5, 6, 10, 6.5], "texture": "#2"},
				"south": {"uv": [10, 1.5, 8.5, 2], "texture": "#2"},
				"west": {"uv": [10.5, 5.5, 10, 6], "texture": "#2"},
				"up": {"uv": [8.5, 2.5, 10, 2], "texture": "#2"},
				"down": {"uv": [8.5, 2.5, 10, 3], "texture": "#2"}
			}
		},
		{
			"from": [13.4, 0.5, 3.5],
			"to": [15.4, 1.5, 4.5],
			"rotation": {"angle": 45, "axis": "y", "origin": [11.22168, 2, 2.49612]},
			"faces": {
				"north": {"uv": [10, 1, 9, 1.5], "texture": "#2"},
				"east": {"uv": [10.5, 7, 10, 7.5], "texture": "#2"},
				"south": {"uv": [3, 9, 2, 9.5], "texture": "#2"},
				"west": {"uv": [10.5, 6.5, 10, 7], "texture": "#2"},
				"up": {"uv": [3, 9.5, 4, 9], "texture": "#2"},
				"down": {"uv": [4, 9, 5, 9.5], "texture": "#2"}
			}
		},
		{
			"from": [17.98268, 0.005, 5.27037],
			"to": [19.39689, 1.995, 6.68458],
			"rotation": {"angle": 0, "axis": "y", "origin": [15.77189, 2, -2.97963]},
			"faces": {
				"north": {"uv": [6, 9, 5.5, 10], "texture": "#2"},
				"east": {"uv": [7.5, 9.5, 7, 10.5], "texture": "#2"},
				"south": {"uv": [7, 9.5, 6.5, 10.5], "texture": "#2"},
				"west": {"uv": [6.5, 9.5, 6, 10.5], "texture": "#2"},
				"up": {"uv": [10.5, 0.5, 11, 0], "texture": "#2"},
				"down": {"uv": [0.5, 10.5, 1, 11], "texture": "#2"}
			}
		},
		{
			"name": "anim",
			"from": [-12.5, 1, 4],
			"to": [17.5, 1, 10],
			"faces": {
				"north": {"uv": [0, 0, 10, 0], "texture": "#3"},
				"east": {"uv": [0, 0, 3, 0], "texture": "#3"},
				"south": {"uv": [0, 0, 10, 0], "texture": "#3"},
				"west": {"uv": [0, 0, 3, 0], "texture": "#3"},
				"up": {"uv": [16, 4, 0, 0], "texture": "#3"},
				"down": {"uv": [16, 0, 0, 4], "texture": "#3"}
			}
		}
	],
	"display": {
		"thirdperson_righthand": {
			"rotation": [0, 0, 90],
			"translation": [-10.5, -2, 10.5],
			"scale": [1.5, 1.5, 1.5]
		},
		"thirdperson_lefthand": {
			"rotation": [0, 0, -90],
			"translation": [10.5, -2, 10.5],
			"scale": [1.5, 1.5, 1.5]
		},
		"firstperson_righthand": {
			"rotation": [-10, 0, 90],
			"translation": [3, 6, -4.5],
			"scale": [1.1, 1.2, 1.1]
		},
		"firstperson_lefthand": {
			"rotation": [-10, 0, 90],
			"translation": [3, 6, -4.5],
			"scale": [1.1, 1.2, 1.1]
		},
		"ground": {
			"translation": [0, 4, 0]
		},
		"gui": {
			"rotation": [55, 60, 0],
			"translation": [1.5, 3.75, 0]
		}
	}
}