{
	"credit": "Made with Blockbench by ProbsWinter",
	"textures": {
		"1": "item/fatal",
		"2": "anim/fatallightninganim",
		"particle": "anim/fatallightninganim"
	},
	"elements": [
		{
			"from": [19.22283, -10.16295, 7],
			"to": [22.22283, -7.16295, 9],
			"rotation": {"angle": 45, "axis": "z", "origin": [0.22283, -18.16295, 1]},
			"faces": {
				"north": {"uv": [2, 0, 3.5, 1.5], "texture": "#1"},
				"east": {"uv": [2, 4.5, 3, 6], "texture": "#1"},
				"south": {"uv": [2, 1.5, 3.5, 3], "texture": "#1"},
				"west": {"uv": [3, 4.5, 4, 6], "texture": "#1"},
				"up": {"uv": [6, 3, 4.5, 2], "texture": "#1"},
				"down": {"uv": [5.5, 5, 4, 6], "texture": "#1"}
			}
		},
		{
			"from": [1.1093, 6.5, 7.5],
			"to": [1.6093, 7.5, 8.5],
			"rotation": {"angle": 0, "axis": "y", "origin": [-11.14075, -8.2404, 0.75]},
			"faces": {
				"north": {"uv": [10, 10, 10.5, 10.5], "texture": "#1"},
				"east": {"uv": [0, 10.5, 0.5, 11], "texture": "#1"},
				"south": {"uv": [0.5, 10.5, 1, 11], "texture": "#1"},
				"west": {"uv": [1, 10.5, 1.5, 11], "texture": "#1"},
				"up": {"uv": [11, 1.5, 10.5, 1], "texture": "#1"},
				"down": {"uv": [2, 10.5, 1.5, 11], "texture": "#1"}
			}
		},
		{
			"from": [1.85925, 6.5, 7.5],
			"to": [2.35925, 7.5, 8.5],
			"rotation": {"angle": 0, "axis": "y", "origin": [-11.14075, -8.2404, 0.75]},
			"faces": {
				"north": {"uv": [0, 11, 0.5, 11.5], "texture": "#1"},
				"east": {"uv": [11, 0, 11.5, 0.5], "texture": "#1"},
				"south": {"uv": [0.5, 11, 1, 11.5], "texture": "#1"},
				"west": {"uv": [11, 0.5, 11.5, 1], "texture": "#1"},
				"up": {"uv": [1.5, 11.5, 1, 11], "texture": "#1"},
				"down": {"uv": [11.5, 1, 11, 1.5], "texture": "#1"}
			}
		},
		{
			"from": [16, 7.5, 7.25],
			"to": [19, 9, 8.75],
			"rotation": {"angle": 22.5, "axis": "z", "origin": [26.45015, -14.1906, 1]},
			"faces": {
				"north": {"uv": [4, 3, 5.5, 4], "texture": "#1"},
				"east": {"uv": [1.5, 6, 2.5, 7], "texture": "#1"},
				"south": {"uv": [4, 4, 5.5, 5], "texture": "#1"},
				"west": {"uv": [6, 2, 7, 3], "texture": "#1"},
				"up": {"uv": [6, 1, 4.5, 0], "texture": "#1"},
				"down": {"uv": [6, 1, 4.5, 2], "texture": "#1"}
			}
		},
		{
			"from": [20, 18.5, 7],
			"to": [21, 20.5, 9],
			"rotation": {"angle": 45, "axis": "z", "origin": [34.90007, -0.08418, 1.625]},
			"faces": {
				"north": {"uv": [1, 9.5, 1.5, 10.5], "texture": "#1"},
				"east": {"uv": [6.5, 6, 7.5, 7], "texture": "#1"},
				"south": {"uv": [1.5, 9.5, 2, 10.5], "texture": "#1"},
				"west": {"uv": [0, 7, 1, 8], "texture": "#1"},
				"up": {"uv": [2.5, 10.5, 2, 9.5], "texture": "#1"},
				"down": {"uv": [3, 9.5, 2.5, 10.5], "texture": "#1"}
			}
		},
		{
			"from": [23, 10.875, 7.375],
			"to": [25.5, 12.125, 8.625],
			"rotation": {"angle": 45, "axis": "z", "origin": [26.45015, -7.1906, 1]},
			"faces": {
				"north": {"uv": [7, 5, 8.5, 5.5], "texture": "#1"},
				"east": {"uv": [10.5, 1.5, 11, 2], "texture": "#1"},
				"south": {"uv": [7, 5.5, 8.5, 6], "texture": "#1"},
				"west": {"uv": [2, 10.5, 2.5, 11], "texture": "#1"},
				"up": {"uv": [7.5, 7.5, 6, 7], "texture": "#1"},
				"down": {"uv": [7.5, 7.5, 6, 8], "texture": "#1"}
			}
		},
		{
			"from": [-3, 7.5, 7.25],
			"to": [0, 9, 8.75],
			"rotation": {"angle": -22.5, "axis": "z", "origin": [-10.45015, -14.1906, 1]},
			"faces": {
				"north": {"uv": [5.5, 3, 7, 4], "texture": "#1"},
				"east": {"uv": [7, 1, 8, 2], "texture": "#1"},
				"south": {"uv": [5.5, 4, 7, 5], "texture": "#1"},
				"west": {"uv": [2, 7, 3, 8], "texture": "#1"},
				"up": {"uv": [7, 6, 5.5, 5], "texture": "#1"},
				"down": {"uv": [1.5, 6, 0, 7], "texture": "#1"}
			}
		},
		{
			"from": [-9.5, 10.875, 7.375],
			"to": [-7, 12.125, 8.625],
			"rotation": {"angle": -45, "axis": "z", "origin": [-10.45015, -7.1906, 1]},
			"faces": {
				"north": {"uv": [7.5, 6, 9, 6.5], "texture": "#1"},
				"east": {"uv": [10.5, 2, 11, 2.5], "texture": "#1"},
				"south": {"uv": [7.5, 6.5, 9, 7], "texture": "#1"},
				"west": {"uv": [2.5, 10.5, 3, 11], "texture": "#1"},
				"up": {"uv": [9, 7.5, 7.5, 7], "texture": "#1"},
				"down": {"uv": [9, 7.5, 7.5, 8], "texture": "#1"}
			}
		},
		{
			"from": [-5, 18.5, 7],
			"to": [-4, 20.5, 9],
			"rotation": {"angle": -45, "axis": "z", "origin": [-18.90007, -0.08418, 1.625]},
			"faces": {
				"north": {"uv": [3, 9.5, 3.5, 10.5], "texture": "#1"},
				"east": {"uv": [7, 0, 8, 1], "texture": "#1"},
				"south": {"uv": [3.5, 9.5, 4, 10.5], "texture": "#1"},
				"west": {"uv": [1, 7, 2, 8], "texture": "#1"},
				"up": {"uv": [4.5, 10.5, 4, 9.5], "texture": "#1"},
				"down": {"uv": [5, 9.5, 4.5, 10.5], "texture": "#1"}
			}
		},
		{
			"from": [-3.5, 12, 7.75],
			"to": [-3, 15, 8.25],
			"rotation": {"angle": -22.5, "axis": "z", "origin": [-10.45015, -7.1906, 1]},
			"faces": {
				"north": {"uv": [0, 8, 0.5, 9.5], "texture": "#1"},
				"east": {"uv": [8, 0, 8.5, 1.5], "texture": "#1"},
				"south": {"uv": [0.5, 8, 1, 9.5], "texture": "#1"},
				"west": {"uv": [1, 8, 1.5, 9.5], "texture": "#1"},
				"up": {"uv": [11, 3, 10.5, 2.5], "texture": "#1"},
				"down": {"uv": [3.5, 10.5, 3, 11], "texture": "#1"}
			}
		},
		{
			"from": [1.6093, 6.75955, 7.75],
			"to": [4.6093, 7.25955, 8.25],
			"rotation": {"angle": 0, "axis": "y", "origin": [-10.45015, -7.1906, 1]},
			"faces": {
				"north": {"uv": [8, 4.5, 9.5, 5], "texture": "#1"},
				"east": {"uv": [10.5, 10, 11, 10.5], "texture": "#1"},
				"south": {"uv": [6.5, 8, 8, 8.5], "texture": "#1"},
				"west": {"uv": [10.5, 10.5, 11, 11], "texture": "#1"},
				"up": {"uv": [9.5, 8.5, 8, 8], "texture": "#1"},
				"down": {"uv": [10, 0, 8.5, 0.5], "texture": "#1"}
			}
		},
		{
			"from": [7.05389, -10.1808, 7.5],
			"to": [7.55389, -9.1808, 8.5],
			"rotation": {"angle": 45, "axis": "z", "origin": [-10.19615, -8.42125, 0.5]},
			"faces": {
				"north": {"uv": [9, 11, 9.5, 11.5], "texture": "#1"},
				"east": {"uv": [11, 9, 11.5, 9.5], "texture": "#1"},
				"south": {"uv": [9.5, 11, 10, 11.5], "texture": "#1"},
				"west": {"uv": [11, 9.5, 11.5, 10], "texture": "#1"},
				"up": {"uv": [10.5, 11.5, 10, 11], "texture": "#1"},
				"down": {"uv": [11.5, 10, 11, 10.5], "texture": "#1"}
			}
		},
		{
			"from": [7.8039, -10.1808, 7.5],
			"to": [8.3039, -9.1808, 8.5],
			"rotation": {"angle": 45, "axis": "z", "origin": [-10.19615, -8.42125, 0.5]},
			"faces": {
				"north": {"uv": [10.5, 11, 11, 11.5], "texture": "#1"},
				"east": {"uv": [11, 10.5, 11.5, 11], "texture": "#1"},
				"south": {"uv": [11, 11, 11.5, 11.5], "texture": "#1"},
				"west": {"uv": [0, 11.5, 0.5, 12], "texture": "#1"},
				"up": {"uv": [12, 0.5, 11.5, 0], "texture": "#1"},
				"down": {"uv": [1, 11.5, 0.5, 12], "texture": "#1"}
			}
		},
		{
			"from": [6.6093, -9.75, 7.75],
			"to": [9.6093, -9.25, 8.25],
			"rotation": {"angle": 45, "axis": "z", "origin": [-10.45015, -7.1906, 1]},
			"faces": {
				"north": {"uv": [8.5, 2.5, 10, 3], "texture": "#1"},
				"east": {"uv": [8.5, 11, 9, 11.5], "texture": "#1"},
				"south": {"uv": [8.5, 3, 10, 3.5], "texture": "#1"},
				"west": {"uv": [11, 8.5, 11.5, 9], "texture": "#1"},
				"up": {"uv": [10, 4, 8.5, 3.5], "texture": "#1"},
				"down": {"uv": [10, 4, 8.5, 4.5], "texture": "#1"}
			}
		},
		{
			"from": [6.3907, -9.75, 7.75],
			"to": [9.3907, -9.25, 8.25],
			"rotation": {"angle": -45, "axis": "z", "origin": [26.45015, -7.1906, 1]},
			"faces": {
				"north": {"uv": [8.5, 5, 10, 5.5], "texture": "#1"},
				"east": {"uv": [11.5, 3.5, 12, 4], "texture": "#1"},
				"south": {"uv": [8.5, 5.5, 10, 6], "texture": "#1"},
				"west": {"uv": [4, 11.5, 4.5, 12], "texture": "#1"},
				"up": {"uv": [8, 9, 6.5, 8.5], "texture": "#1"},
				"down": {"uv": [9.5, 8.5, 8, 9], "texture": "#1"}
			}
		},
		{
			"from": [8.44611, -10.1808, 7.5],
			"to": [8.94611, -9.1808, 8.5],
			"rotation": {"angle": -45, "axis": "z", "origin": [26.19615, -8.42125, 0.5]},
			"faces": {
				"north": {"uv": [11.5, 2, 12, 2.5], "texture": "#1"},
				"east": {"uv": [2.5, 11.5, 3, 12], "texture": "#1"},
				"south": {"uv": [11.5, 2.5, 12, 3], "texture": "#1"},
				"west": {"uv": [3, 11.5, 3.5, 12], "texture": "#1"},
				"up": {"uv": [12, 3.5, 11.5, 3], "texture": "#1"},
				"down": {"uv": [4, 11.5, 3.5, 12], "texture": "#1"}
			}
		},
		{
			"from": [7.6961, -10.1808, 7.5],
			"to": [8.1961, -9.1808, 8.5],
			"rotation": {"angle": -45, "axis": "z", "origin": [26.19615, -8.42125, 0.5]},
			"faces": {
				"north": {"uv": [11.5, 0.5, 12, 1], "texture": "#1"},
				"east": {"uv": [1, 11.5, 1.5, 12], "texture": "#1"},
				"south": {"uv": [11.5, 1, 12, 1.5], "texture": "#1"},
				"west": {"uv": [1.5, 11.5, 2, 12], "texture": "#1"},
				"up": {"uv": [12, 2, 11.5, 1.5], "texture": "#1"},
				"down": {"uv": [2.5, 11.5, 2, 12], "texture": "#1"}
			}
		},
		{
			"from": [14.3907, 6.5, 7.5],
			"to": [14.8907, 7.5, 8.5],
			"rotation": {"angle": 0, "axis": "y", "origin": [27.14075, -8.2404, 0.75]},
			"faces": {
				"north": {"uv": [3.5, 11, 4, 11.5], "texture": "#1"},
				"east": {"uv": [11, 3.5, 11.5, 4], "texture": "#1"},
				"south": {"uv": [4, 11, 4.5, 11.5], "texture": "#1"},
				"west": {"uv": [11, 4, 11.5, 4.5], "texture": "#1"},
				"up": {"uv": [5, 11.5, 4.5, 11], "texture": "#1"},
				"down": {"uv": [11.5, 4.5, 11, 5], "texture": "#1"}
			}
		},
		{
			"from": [11.3907, 6.75955, 7.75],
			"to": [14.3907, 7.25955, 8.25],
			"rotation": {"angle": 0, "axis": "y", "origin": [26.45015, -7.1906, 1]},
			"faces": {
				"north": {"uv": [8.5, 0.5, 10, 1], "texture": "#1"},
				"east": {"uv": [3, 11, 3.5, 11.5], "texture": "#1"},
				"south": {"uv": [8.5, 1, 10, 1.5], "texture": "#1"},
				"west": {"uv": [11, 3, 11.5, 3.5], "texture": "#1"},
				"up": {"uv": [10, 2, 8.5, 1.5], "texture": "#1"},
				"down": {"uv": [10, 2, 8.5, 2.5], "texture": "#1"}
			}
		},
		{
			"from": [13.64075, 6.5, 7.5],
			"to": [14.14075, 7.5, 8.5],
			"rotation": {"angle": 0, "axis": "y", "origin": [27.14075, -8.2404, 0.75]},
			"faces": {
				"north": {"uv": [1.5, 11, 2, 11.5], "texture": "#1"},
				"east": {"uv": [11, 1.5, 11.5, 2], "texture": "#1"},
				"south": {"uv": [2, 11, 2.5, 11.5], "texture": "#1"},
				"west": {"uv": [11, 2, 11.5, 2.5], "texture": "#1"},
				"up": {"uv": [3, 11.5, 2.5, 11], "texture": "#1"},
				"down": {"uv": [11.5, 2.5, 11, 3], "texture": "#1"}
			}
		},
		{
			"from": [12.00615, 3.46353, 7.75],
			"to": [13.00615, 4.46353, 8.25],
			"rotation": {"angle": 22.5, "axis": "z", "origin": [-8.944, -11.72706, 0.5]},
			"faces": {
				"north": {"uv": [10.5, 4.5, 11, 5], "texture": "#1"},
				"east": {"uv": [10.5, 5, 11, 5.5], "texture": "#1"},
				"south": {"uv": [10.5, 5.5, 11, 6], "texture": "#1"},
				"west": {"uv": [10.5, 6, 11, 6.5], "texture": "#1"},
				"up": {"uv": [11, 7, 10.5, 6.5], "texture": "#1"},
				"down": {"uv": [11, 7, 10.5, 7.5], "texture": "#1"}
			}
		},
		{
			"from": [2.99385, 3.46353, 7.75],
			"to": [3.99385, 4.46353, 8.25],
			"rotation": {"angle": -22.5, "axis": "z", "origin": [24.944, -11.72706, 0.5]},
			"faces": {
				"north": {"uv": [10.5, 7.5, 11, 8], "texture": "#1"},
				"east": {"uv": [10.5, 8, 11, 8.5], "texture": "#1"},
				"south": {"uv": [10.5, 8.5, 11, 9], "texture": "#1"},
				"west": {"uv": [10.5, 9, 11, 9.5], "texture": "#1"},
				"up": {"uv": [11, 10, 10.5, 9.5], "texture": "#1"},
				"down": {"uv": [10.5, 10.5, 10, 11], "texture": "#1"}
			}
		},
		{
			"from": [19, 12, 7.75],
			"to": [19.5, 15, 8.25],
			"rotation": {"angle": 22.5, "axis": "z", "origin": [26.45015, -7.1906, 1]},
			"faces": {
				"north": {"uv": [4.5, 8, 5, 9.5], "texture": "#1"},
				"east": {"uv": [5, 8, 5.5, 9.5], "texture": "#1"},
				"south": {"uv": [5.5, 8, 6, 9.5], "texture": "#1"},
				"west": {"uv": [6, 8, 6.5, 9.5], "texture": "#1"},
				"up": {"uv": [11, 4.5, 10.5, 4], "texture": "#1"},
				"down": {"uv": [5, 10.5, 4.5, 11], "texture": "#1"}
			}
		},
		{
			"from": [12, 5.5, 7.5],
			"to": [13, 8, 8.5],
			"rotation": {"angle": 0, "axis": "y", "origin": [26.45015, -7.1906, 1]},
			"faces": {
				"north": {"uv": [1.5, 8, 2, 9.5], "texture": "#1"},
				"east": {"uv": [8, 1.5, 8.5, 3], "texture": "#1"},
				"south": {"uv": [2, 8, 2.5, 9.5], "texture": "#1"},
				"west": {"uv": [2.5, 8, 3, 9.5], "texture": "#1"},
				"up": {"uv": [11, 3.5, 10.5, 3], "texture": "#1"},
				"down": {"uv": [4, 10.5, 3.5, 11], "texture": "#1"}
			}
		},
		{
			"from": [3, 5.5, 7.5],
			"to": [4, 8, 8.5],
			"rotation": {"angle": 0, "axis": "y", "origin": [-10.45015, -7.1906, 1]},
			"faces": {
				"north": {"uv": [3, 8, 3.5, 9.5], "texture": "#1"},
				"east": {"uv": [8, 3, 8.5, 4.5], "texture": "#1"},
				"south": {"uv": [3.5, 8, 4, 9.5], "texture": "#1"},
				"west": {"uv": [4, 8, 4.5, 9.5], "texture": "#1"},
				"up": {"uv": [11, 4, 10.5, 3.5], "texture": "#1"},
				"down": {"uv": [4.5, 10.5, 4, 11], "texture": "#1"}
			}
		},
		{
			"from": [11, -4, 7],
			"to": [13, -3, 9],
			"rotation": {"angle": -22.5, "axis": "z", "origin": [34.90007, -0.08418, 1.625]},
			"faces": {
				"north": {"uv": [9.5, 4.5, 10.5, 5], "texture": "#1"},
				"east": {"uv": [5, 9.5, 6, 10], "texture": "#1"},
				"south": {"uv": [6, 9.5, 7, 10], "texture": "#1"},
				"west": {"uv": [7, 9.5, 8, 10], "texture": "#1"},
				"up": {"uv": [8, 3, 7, 2], "texture": "#1"},
				"down": {"uv": [4, 7, 3, 8], "texture": "#1"}
			}
		},
		{
			"from": [3, -4, 7],
			"to": [5, -3, 9],
			"rotation": {"angle": 22.5, "axis": "z", "origin": [-18.90007, -0.08418, 1.625]},
			"faces": {
				"north": {"uv": [8, 9.5, 9, 10], "texture": "#1"},
				"east": {"uv": [9.5, 8, 10.5, 8.5], "texture": "#1"},
				"south": {"uv": [9.5, 8.5, 10.5, 9], "texture": "#1"},
				"west": {"uv": [9, 9.5, 10, 10], "texture": "#1"},
				"up": {"uv": [8, 4, 7, 3], "texture": "#1"},
				"down": {"uv": [5, 7, 4, 8], "texture": "#1"}
			}
		},
		{
			"from": [7.5, -13, 7.5],
			"to": [8.5, -1, 8.5],
			"rotation": {"angle": 0, "axis": "y", "origin": [0, -20, 1]},
			"faces": {
				"north": {"uv": [0, 0, 0.5, 6], "texture": "#1"},
				"east": {"uv": [0.5, 0, 1, 6], "texture": "#1"},
				"south": {"uv": [1, 0, 1.5, 6], "texture": "#1"},
				"west": {"uv": [1.5, 0, 2, 6], "texture": "#1"},
				"up": {"uv": [10.5, 4.5, 10, 4], "texture": "#1"},
				"down": {"uv": [10.5, 9.5, 10, 10], "texture": "#1"}
			}
		},
		{
			"from": [7.25, -1, 7.25],
			"to": [8.75, 2, 8.75],
			"rotation": {"angle": 0, "axis": "y", "origin": [0, -20, 1]},
			"faces": {
				"north": {"uv": [2, 3, 3, 4.5], "texture": "#1"},
				"east": {"uv": [3, 3, 4, 4.5], "texture": "#1"},
				"south": {"uv": [3.5, 0, 4.5, 1.5], "texture": "#1"},
				"west": {"uv": [3.5, 1.5, 4.5, 3], "texture": "#1"},
				"up": {"uv": [7, 1, 6, 0], "texture": "#1"},
				"down": {"uv": [7, 1, 6, 2], "texture": "#1"}
			}
		},
		{
			"from": [7.25, -3, 7.25],
			"to": [8.75, -2, 8.75],
			"rotation": {"angle": 0, "axis": "y", "origin": [0, -20, 1]},
			"faces": {
				"north": {"uv": [9, 6, 10, 6.5], "texture": "#1"},
				"east": {"uv": [6.5, 9, 7.5, 9.5], "texture": "#1"},
				"south": {"uv": [9, 6.5, 10, 7], "texture": "#1"},
				"west": {"uv": [9, 7, 10, 7.5], "texture": "#1"},
				"up": {"uv": [3.5, 7, 2.5, 6], "texture": "#1"},
				"down": {"uv": [4.5, 6, 3.5, 7], "texture": "#1"}
			}
		},
		{
			"from": [7.25, -8, 7.25],
			"to": [8.75, -7, 8.75],
			"rotation": {"angle": 0, "axis": "y", "origin": [0, -20, 1]},
			"faces": {
				"north": {"uv": [7.5, 9, 8.5, 9.5], "texture": "#1"},
				"east": {"uv": [9, 7.5, 10, 8], "texture": "#1"},
				"south": {"uv": [8.5, 9, 9.5, 9.5], "texture": "#1"},
				"west": {"uv": [0, 9.5, 1, 10], "texture": "#1"},
				"up": {"uv": [5.5, 7, 4.5, 6], "texture": "#1"},
				"down": {"uv": [6.5, 6, 5.5, 7], "texture": "#1"}
			}
		},
		{
			"from": [7.25, -14, 7.25],
			"to": [8.75, -13, 8.75],
			"rotation": {"angle": 0, "axis": "y", "origin": [0, -17, 0]},
			"faces": {
				"north": {"uv": [9.5, 9, 10.5, 9.5], "texture": "#1"},
				"east": {"uv": [0, 10, 1, 10.5], "texture": "#1"},
				"south": {"uv": [10, 0, 11, 0.5], "texture": "#1"},
				"west": {"uv": [10, 0.5, 11, 1], "texture": "#1"},
				"up": {"uv": [8, 5, 7, 4], "texture": "#1"},
				"down": {"uv": [6, 7, 5, 8], "texture": "#1"}
			}
		},
		{
			"from": [4.18751, -11.90987, 7.5],
			"to": [5.18751, -9.90987, 8.5],
			"rotation": {"angle": -22.5, "axis": "z", "origin": [-3.31249, -20.90987, 0]},
			"faces": {
				"north": {"uv": [10, 1, 10.5, 2], "texture": "#1"},
				"east": {"uv": [10, 2, 10.5, 3], "texture": "#1"},
				"south": {"uv": [10, 3, 10.5, 4], "texture": "#1"},
				"west": {"uv": [5, 10, 5.5, 11], "texture": "#1"},
				"up": {"uv": [5.5, 11.5, 5, 11], "texture": "#1"},
				"down": {"uv": [11.5, 5, 11, 5.5], "texture": "#1"}
			}
		},
		{
			"from": [11.19518, -11.83375, 7.5],
			"to": [12.19518, -9.83375, 8.5],
			"rotation": {"angle": 22.5, "axis": "z", "origin": [19.69518, -21.83375, -0.25]},
			"faces": {
				"north": {"uv": [10, 5, 10.5, 6], "texture": "#1"},
				"east": {"uv": [5.5, 10, 6, 11], "texture": "#1"},
				"south": {"uv": [6, 10, 6.5, 11], "texture": "#1"},
				"west": {"uv": [10, 6, 10.5, 7], "texture": "#1"},
				"up": {"uv": [6, 11.5, 5.5, 11], "texture": "#1"},
				"down": {"uv": [11.5, 5.5, 11, 6], "texture": "#1"}
			}
		},
		{
			"from": [7.5, -11.83375, 11.19518],
			"to": [8.5, -9.83375, 12.19518],
			"rotation": {"angle": -22.5, "axis": "x", "origin": [16.25, -21.83375, 19.69518]},
			"faces": {
				"north": {"uv": [6.5, 10, 7, 11], "texture": "#1"},
				"east": {"uv": [7, 10, 7.5, 11], "texture": "#1"},
				"south": {"uv": [10, 7, 10.5, 8], "texture": "#1"},
				"west": {"uv": [7.5, 10, 8, 11], "texture": "#1"},
				"up": {"uv": [6.5, 11.5, 6, 11], "texture": "#1"},
				"down": {"uv": [11.5, 6, 11, 6.5], "texture": "#1"}
			}
		},
		{
			"from": [7.5, -11.90987, 4.18751],
			"to": [8.5, -9.90987, 5.18751],
			"rotation": {"angle": 22.5, "axis": "x", "origin": [16, -20.90987, -3.31249]},
			"faces": {
				"north": {"uv": [8, 10, 8.5, 11], "texture": "#1"},
				"east": {"uv": [8.5, 10, 9, 11], "texture": "#1"},
				"south": {"uv": [9, 10, 9.5, 11], "texture": "#1"},
				"west": {"uv": [9.5, 10, 10, 11], "texture": "#1"},
				"up": {"uv": [7, 11.5, 6.5, 11], "texture": "#1"},
				"down": {"uv": [11.5, 6.5, 11, 7], "texture": "#1"}
			}
		},
		{
			"from": [7.5, -16, 7.5],
			"to": [8.5, -15, 8.5],
			"rotation": {"angle": 0, "axis": "y", "origin": [0, -17, 0]},
			"faces": {
				"north": {"uv": [7, 11, 7.5, 11.5], "texture": "#1"},
				"east": {"uv": [11, 7, 11.5, 7.5], "texture": "#1"},
				"south": {"uv": [7.5, 11, 8, 11.5], "texture": "#1"},
				"west": {"uv": [11, 7.5, 11.5, 8], "texture": "#1"},
				"up": {"uv": [8.5, 11.5, 8, 11], "texture": "#1"},
				"down": {"uv": [11.5, 8, 11, 8.5], "texture": "#1"}
			}
		},
		{
			"from": [4, 3, 8],
			"to": [12, 9, 8],
			"faces": {
				"north": {"uv": [0, 0, 8, 6], "texture": "#2"},
				"east": {"uv": [0, 0, 0, 6], "texture": "#2"},
				"south": {"uv": [8, 0, 0, 6], "texture": "#2"},
				"west": {"uv": [0, 0, 0, 6], "texture": "#2"},
				"up": {"uv": [8, 0, 0, 0], "texture": "#2"},
				"down": {"uv": [8, 0, 0, 0], "texture": "#2"}
			}
		}
	],
	"display": {
		"thirdperson_righthand": {
			"rotation": [0, 90, 0],
			"translation": [0, 14.25, 1],
			"scale": [1.25, 1.25, 1.25]
		},
		"thirdperson_lefthand": {
			"rotation": [0, 90, 0],
			"translation": [0, 14.25, 1],
			"scale": [1.25, 1.25, 1.25]
		},
		"firstperson_righthand": {
			"rotation": [-15, 100, 0],
			"translation": [-0.5, 9, 0],
			"scale": [0.8, 0.8, 0.8]
		},
		"firstperson_lefthand": {
			"rotation": [-15, 100, 0],
			"translation": [-0.5, 9, 0],
			"scale": [0.8, 0.8, 0.8]
		},
		"gui": {
			"rotation": [-25, -20, -25],
			"translation": [2.5, 7.5, 0],
			"scale": [0.8, 0.8, 0.8]
		}
	},
	"groups": [
		0,
		1,
		2,
		3,
		4,
		5,
		6,
		7,
		8,
		9,
		10,
		11,
		12,
		13,
		14,
		15,
		16,
		17,
		18,
		19,
		20,
		21,
		22,
		23,
		24,
		25,
		26,
		{
			"name": "handle",
			"origin": [0, -17, 0],
			"color": 0,
			"children": [27, 28, 29, 30, 31, 32, 33, 34, 35, 36]
		},
		37
	]
}