{
	"credit": "Made with Blockbench by ProbsWinter",
	"texture_size": [32, 32],
	"textures": {
		"0": "item/idol",
		"particle": "item/idol"
	},
	"elements": [
		{
			"from": [7, 1.73654, 17.22283],
			"to": [9, 4.73654, 20.22283],
			"rotation": {"angle": -45, "axis": "x", "origin": [15, -4.26346, 0.22283]},
			"faces": {
				"north": {"uv": [3.5, 5.5, 4.5, 7], "texture": "#0"},
				"east": {"uv": [4, 2, 5.5, 3.5], "texture": "#0"},
				"south": {"uv": [2, 6, 3, 7.5], "texture": "#0"},
				"west": {"uv": [3.5, 4, 5, 5.5], "texture": "#0"},
				"up": {"uv": [7.5, 4.5, 6.5, 3], "texture": "#0"},
				"down": {"uv": [5.5, 6.5, 4.5, 8], "texture": "#0"}
			}
		},
		{
			"from": [7, -8.26346, 7.22283],
			"to": [9, -5.76346, 9.72283],
			"rotation": {"angle": -45, "axis": "x", "origin": [15, -4.26346, 0.22283]},
			"faces": {
				"north": {"uv": [8.5, 3, 9.5, 4.5], "texture": "#0"},
				"east": {"uv": [5.5, 0, 7, 1.5], "texture": "#0"},
				"south": {"uv": [8.5, 4.5, 9.5, 6], "texture": "#0"},
				"west": {"uv": [5.5, 1.5, 7, 3], "texture": "#0"},
				"up": {"uv": [9.5, 7.5, 8.5, 6], "texture": "#0"},
				"down": {"uv": [7.5, 8.5, 6.5, 10], "texture": "#0"}
			}
		},
		{
			"from": [7.5, 4.7365, 20.2228],
			"to": [8.5, 8.7365, 24.2228],
			"rotation": {"angle": -45, "axis": "x", "origin": [15, -4.26346, 0.22283]},
			"faces": {
				"north": {"uv": [2.5, 9, 3, 11], "texture": "#0"},
				"east": {"uv": [2, 0, 4, 2], "texture": "#0"},
				"south": {"uv": [9.5, 5, 10, 7], "texture": "#0"},
				"west": {"uv": [2, 2, 4, 4], "texture": "#0"},
				"up": {"uv": [6.5, 11.5, 6, 9.5], "texture": "#0"},
				"down": {"uv": [9.5, 9.5, 9, 11.5], "texture": "#0"}
			}
		},
		{
			"from": [6.75, 5.73654, 21.22283],
			"to": [9.25, 7.73654, 23.22283],
			"rotation": {"angle": -45, "axis": "x", "origin": [15, -4.26346, 0.22283]},
			"faces": {
				"north": {"uv": [6.5, 7.5, 8, 8.5], "texture": "#0"},
				"east": {"uv": [10.5, 1, 11.5, 2], "texture": "#0"},
				"south": {"uv": [8, 0, 9.5, 1], "texture": "#0"},
				"west": {"uv": [10.5, 2, 11.5, 3], "texture": "#0"},
				"up": {"uv": [9.5, 2, 8, 1], "texture": "#0"},
				"down": {"uv": [9.5, 2, 8, 3], "texture": "#0"}
			}
		},
		{
			"from": [7.5, 19.08435, 15.17287],
			"to": [8.5, 21.08435, 16.17287],
			"rotation": {"angle": -22.5, "axis": "x", "origin": [15.75, 1.39375, 25.62302]},
			"faces": {
				"north": {"uv": [9, 13, 9.5, 14], "texture": "#0"},
				"east": {"uv": [13, 9, 13.5, 10], "texture": "#0"},
				"south": {"uv": [12.5, 13, 13, 14], "texture": "#0"},
				"west": {"uv": [13, 13, 13.5, 14], "texture": "#0"},
				"up": {"uv": [8.5, 14.5, 8, 14], "texture": "#0"},
				"down": {"uv": [9, 14, 8.5, 14.5], "texture": "#0"}
			}
		},
		{
			"from": [7.37, 4.77449, 15],
			"to": [8.63, 6.02449, 18],
			"rotation": {"angle": -45, "axis": "x", "origin": [0, 3, 0]},
			"faces": {
				"north": {"uv": [14, 7, 14.5, 7.5], "texture": "#0"},
				"east": {"uv": [11.5, 9.5, 13, 10], "texture": "#0"},
				"south": {"uv": [14, 7.5, 14.5, 8], "texture": "#0"},
				"west": {"uv": [11.5, 10, 13, 10.5], "texture": "#0"},
				"up": {"uv": [12, 12, 11.5, 10.5], "texture": "#0"},
				"down": {"uv": [12.5, 2, 12, 3.5], "texture": "#0"}
			}
		},
		{
			"from": [7.25, 21.45, 16],
			"to": [8.75, 22.95, 19],
			"rotation": {"angle": -22.5, "axis": "x", "origin": [15, -0.29111, 26.45015]},
			"faces": {
				"north": {"uv": [10.5, 3, 11.5, 4], "texture": "#0"},
				"east": {"uv": [4, 8, 5.5, 9], "texture": "#0"},
				"south": {"uv": [10.5, 4, 11.5, 5], "texture": "#0"},
				"west": {"uv": [8, 7.5, 9.5, 8.5], "texture": "#0"},
				"up": {"uv": [6.5, 9.5, 5.5, 8], "texture": "#0"},
				"down": {"uv": [4, 8.5, 3, 10], "texture": "#0"}
			}
		},
		{
			"from": [7.38, 29.97175, 0.3422],
			"to": [8.62, 30.85563, 1.22608],
			"rotation": {"angle": 22.5, "axis": "x", "origin": [0.005, 1.08369, -5.46217]},
			"faces": {
				"north": {"uv": [14.5, 1, 15, 1.5], "texture": "#0"},
				"east": {"uv": [1.5, 14.5, 2, 15], "texture": "#0"},
				"south": {"uv": [14.5, 1.5, 15, 2], "texture": "#0"},
				"west": {"uv": [2, 14.5, 2.5, 15], "texture": "#0"},
				"up": {"uv": [15, 2.5, 14.5, 2], "texture": "#0"},
				"down": {"uv": [3, 14.5, 2.5, 15], "texture": "#0"}
			}
		},
		{
			"from": [7.38, 25.69545, 5.15],
			"to": [8.62, 27.69545, 6.4],
			"rotation": {"angle": 22.5, "axis": "x", "origin": [0, 10, 0]},
			"faces": {
				"north": {"uv": [6.5, 13.5, 7, 14.5], "texture": "#0"},
				"east": {"uv": [7, 13.5, 7.5, 14.5], "texture": "#0"},
				"south": {"uv": [13.5, 7, 14, 8], "texture": "#0"},
				"west": {"uv": [7.5, 13.5, 8, 14.5], "texture": "#0"},
				"up": {"uv": [15, 1, 14.5, 0.5], "texture": "#0"},
				"down": {"uv": [1.5, 14.5, 1, 15], "texture": "#0"}
			}
		},
		{
			"from": [7.375, 17.49533, 16.53608],
			"to": [8.625, 20.49533, 17.78608],
			"rotation": {"angle": -22.5, "axis": "x", "origin": [0.375, 8.99533, 1.03608]},
			"faces": {
				"north": {"uv": [12, 12, 12.5, 13.5], "texture": "#0"},
				"east": {"uv": [12.5, 2, 13, 3.5], "texture": "#0"},
				"south": {"uv": [3, 12.5, 3.5, 14], "texture": "#0"},
				"west": {"uv": [3.5, 12.5, 4, 14], "texture": "#0"},
				"up": {"uv": [15, 0.5, 14.5, 0], "texture": "#0"},
				"down": {"uv": [1, 14.5, 0.5, 15], "texture": "#0"}
			}
		},
		{
			"from": [7.37, 10, 16.35],
			"to": [8.63, 11.25, 18.75],
			"rotation": {"angle": -45, "axis": "x", "origin": [0, 10, 0]},
			"faces": {
				"north": {"uv": [14, 14, 14.5, 14.5], "texture": "#0"},
				"east": {"uv": [4, 13.5, 5, 14], "texture": "#0"},
				"south": {"uv": [0, 14.5, 0.5, 15], "texture": "#0"},
				"west": {"uv": [13.5, 4.5, 14.5, 5], "texture": "#0"},
				"up": {"uv": [14, 6, 13.5, 5], "texture": "#0"},
				"down": {"uv": [14, 6, 13.5, 7], "texture": "#0"}
			}
		},
		{
			"from": [7.38, 17.69545, 24.615],
			"to": [8.62, 20.69545, 25.865],
			"rotation": {"angle": -45, "axis": "x", "origin": [0.375, 5.19545, 16.91847]},
			"faces": {
				"north": {"uv": [10.5, 12, 11, 13.5], "texture": "#0"},
				"east": {"uv": [12, 10.5, 12.5, 12], "texture": "#0"},
				"south": {"uv": [11, 12, 11.5, 13.5], "texture": "#0"},
				"west": {"uv": [11.5, 12, 12, 13.5], "texture": "#0"},
				"up": {"uv": [14, 14.5, 13.5, 14], "texture": "#0"},
				"down": {"uv": [14.5, 13.5, 14, 14], "texture": "#0"}
			}
		},
		{
			"from": [7.375, 19.52686, 1.47859],
			"to": [8.625, 20.41075, 2.36247],
			"rotation": {"angle": 45, "axis": "x", "origin": [0, 4.33822, -0.27986]},
			"faces": {
				"north": {"uv": [12, 14, 12.5, 14.5], "texture": "#0"},
				"east": {"uv": [14, 12, 14.5, 12.5], "texture": "#0"},
				"south": {"uv": [12.5, 14, 13, 14.5], "texture": "#0"},
				"west": {"uv": [14, 12.5, 14.5, 13], "texture": "#0"},
				"up": {"uv": [13.5, 14.5, 13, 14], "texture": "#0"},
				"down": {"uv": [14.5, 13, 14, 13.5], "texture": "#0"}
			}
		},
		{
			"from": [7.375, 19.52686, 13.63753],
			"to": [8.625, 20.41075, 14.52141],
			"rotation": {"angle": -45, "axis": "x", "origin": [0, 4.33822, 16.27986]},
			"faces": {
				"north": {"uv": [13, 14, 12.5, 14.5], "texture": "#0"},
				"east": {"uv": [14.5, 12, 14, 12.5], "texture": "#0"},
				"south": {"uv": [12.5, 14, 12, 14.5], "texture": "#0"},
				"west": {"uv": [14.5, 12.5, 14, 13], "texture": "#0"},
				"up": {"uv": [13.5, 14, 13, 14.5], "texture": "#0"},
				"down": {"uv": [14.5, 13.5, 14, 13], "texture": "#0"}
			}
		},
		{
			"from": [7.375, 18.57612, 9.11732],
			"to": [8.625, 20.57612, 10.11732],
			"rotation": {"angle": 22.5, "axis": "x", "origin": [0, 9.07612, -0.38268]},
			"faces": {
				"north": {"uv": [13.5, 1, 14, 2], "texture": "#0"},
				"east": {"uv": [1.5, 13.5, 2, 14.5], "texture": "#0"},
				"south": {"uv": [13.5, 2, 14, 3], "texture": "#0"},
				"west": {"uv": [13.5, 3.5, 14, 4.5], "texture": "#0"},
				"up": {"uv": [12, 14.5, 11.5, 14], "texture": "#0"},
				"down": {"uv": [14.5, 11.5, 14, 12], "texture": "#0"}
			}
		},
		{
			"from": [7.37, 13.8348, 11.70354],
			"to": [8.63, 16.8348, 12.95354],
			"rotation": {"angle": 0, "axis": "y", "origin": [0.375, 8.3348, -1.95254]},
			"faces": {
				"north": {"uv": [7.5, 12, 8, 13.5], "texture": "#0"},
				"east": {"uv": [8, 12, 8.5, 13.5], "texture": "#0"},
				"south": {"uv": [9.5, 12, 10, 13.5], "texture": "#0"},
				"west": {"uv": [10, 12, 10.5, 13.5], "texture": "#0"},
				"up": {"uv": [11.5, 14.5, 11, 14], "texture": "#0"},
				"down": {"uv": [14.5, 11, 14, 11.5], "texture": "#0"}
			}
		},
		{
			"from": [7.38, 17.634, 11.79983],
			"to": [8.62, 20.634, 13.04983],
			"rotation": {"angle": 0, "axis": "y", "origin": [0.375, 9.134, -2.70017]},
			"faces": {
				"north": {"uv": [12, 5.5, 12.5, 7], "texture": "#0"},
				"east": {"uv": [6.5, 12, 7, 13.5], "texture": "#0"},
				"south": {"uv": [7, 12, 7.5, 13.5], "texture": "#0"},
				"west": {"uv": [12, 7, 12.5, 8.5], "texture": "#0"},
				"up": {"uv": [11, 14.5, 10.5, 14], "texture": "#0"},
				"down": {"uv": [14.5, 10.5, 14, 11], "texture": "#0"}
			}
		},
		{
			"from": [7.375, 12.10152, 15.48617],
			"to": [8.625, 17.10152, 16.73617],
			"rotation": {"angle": -22.5, "axis": "x", "origin": [0.375, 8.60152, 0.98617]},
			"faces": {
				"north": {"uv": [7.5, 8.5, 8, 11], "texture": "#0"},
				"east": {"uv": [8, 8.5, 8.5, 11], "texture": "#0"},
				"south": {"uv": [8.5, 8.5, 9, 11], "texture": "#0"},
				"west": {"uv": [2, 9, 2.5, 11.5], "texture": "#0"},
				"up": {"uv": [10.5, 14.5, 10, 14], "texture": "#0"},
				"down": {"uv": [14.5, 10, 14, 10.5], "texture": "#0"}
			}
		},
		{
			"from": [7, 1.5, 23.75],
			"to": [9, 3.5, 25.75],
			"rotation": {"angle": -45, "axis": "x", "origin": [15, -4.26346, 0.22283]},
			"faces": {
				"north": {"uv": [10.5, 9.5, 11.5, 10.5], "texture": "#0"},
				"east": {"uv": [3, 11, 4, 12], "texture": "#0"},
				"south": {"uv": [4, 11, 5, 12], "texture": "#0"},
				"west": {"uv": [7.5, 11, 8.5, 12], "texture": "#0"},
				"up": {"uv": [12, 9, 11, 8], "texture": "#0"},
				"down": {"uv": [10.5, 11, 9.5, 12], "texture": "#0"}
			}
		},
		{
			"from": [7.375, 16.06524, 9.79503],
			"to": [8.625, 17.31524, 12.79503],
			"rotation": {"angle": 0, "axis": "y", "origin": [0, 3.56524, 3.29503]},
			"faces": {
				"north": {"uv": [9.5, 14, 10, 14.5], "texture": "#0"},
				"east": {"uv": [3, 12, 4.5, 12.5], "texture": "#0"},
				"south": {"uv": [14, 9.5, 14.5, 10], "texture": "#0"},
				"west": {"uv": [12, 3.5, 13.5, 4], "texture": "#0"},
				"up": {"uv": [12.5, 5.5, 12, 4], "texture": "#0"},
				"down": {"uv": [5, 12, 4.5, 13.5], "texture": "#0"}
			}
		},
		{
			"from": [7.365, 20.5, 6.5],
			"to": [8.635, 21.75, 10.5],
			"rotation": {"angle": 22.5, "axis": "x", "origin": [0, 10, 0]},
			"faces": {
				"north": {"uv": [14, 8.5, 14.5, 9], "texture": "#0"},
				"east": {"uv": [10, 9, 12, 9.5], "texture": "#0"},
				"south": {"uv": [9, 14, 9.5, 14.5], "texture": "#0"},
				"west": {"uv": [9.5, 10.5, 11.5, 11], "texture": "#0"},
				"up": {"uv": [7.5, 12, 7, 10], "texture": "#0"},
				"down": {"uv": [3, 11, 2.5, 13], "texture": "#0"}
			}
		},
		{
			"from": [7, 4.75, 17.425],
			"to": [9, 6.75, 18.425],
			"rotation": {"angle": -45, "axis": "x", "origin": [0, 3, 0]},
			"faces": {
				"north": {"uv": [10.5, 6, 11.5, 7], "texture": "#0"},
				"east": {"uv": [0, 13.5, 0.5, 14.5], "texture": "#0"},
				"south": {"uv": [10.5, 7, 11.5, 8], "texture": "#0"},
				"west": {"uv": [13.5, 0, 14, 1], "texture": "#0"},
				"up": {"uv": [14, 10.5, 13, 10], "texture": "#0"},
				"down": {"uv": [1.5, 13.5, 0.5, 14], "texture": "#0"}
			}
		},
		{
			"from": [7.25, 21.45, -3],
			"to": [8.75, 22.95, 0],
			"rotation": {"angle": 22.5, "axis": "x", "origin": [15, -0.29111, -10.45015]},
			"faces": {
				"north": {"uv": [11.5, 4, 10.5, 5], "texture": "#0"},
				"east": {"uv": [5.5, 8, 4, 9], "texture": "#0"},
				"south": {"uv": [11.5, 3, 10.5, 4], "texture": "#0"},
				"west": {"uv": [9.5, 7.5, 8, 8.5], "texture": "#0"},
				"up": {"uv": [6.5, 8, 5.5, 9.5], "texture": "#0"},
				"down": {"uv": [4, 10, 3, 8.5], "texture": "#0"}
			}
		},
		{
			"from": [7, 4.75, -2.425],
			"to": [9, 6.75, -1.425],
			"rotation": {"angle": 45, "axis": "x", "origin": [0, 3, 16]},
			"faces": {
				"north": {"uv": [11.5, 5, 10.5, 6], "texture": "#0"},
				"east": {"uv": [6, 13, 5.5, 14], "texture": "#0"},
				"south": {"uv": [6, 10.5, 5, 11.5], "texture": "#0"},
				"west": {"uv": [6.5, 13, 6, 14], "texture": "#0"},
				"up": {"uv": [14, 3, 13, 3.5], "texture": "#0"},
				"down": {"uv": [14, 9, 13, 8.5], "texture": "#0"}
			}
		},
		{
			"from": [7.37, 4.77449, -2],
			"to": [8.63, 6.02449, 1],
			"rotation": {"angle": 45, "axis": "x", "origin": [0, 3, 16]},
			"faces": {
				"north": {"uv": [14.5, 7.5, 14, 8], "texture": "#0"},
				"east": {"uv": [13, 9.5, 11.5, 10], "texture": "#0"},
				"south": {"uv": [14.5, 7, 14, 7.5], "texture": "#0"},
				"west": {"uv": [13, 10, 11.5, 10.5], "texture": "#0"},
				"up": {"uv": [12, 10.5, 11.5, 12], "texture": "#0"},
				"down": {"uv": [12.5, 3.5, 12, 2], "texture": "#0"}
			}
		},
		{
			"from": [7.5, 19.08435, -0.17287],
			"to": [8.5, 21.08435, 0.82713],
			"rotation": {"angle": 22.5, "axis": "x", "origin": [15.75, 1.39375, -9.62302]},
			"faces": {
				"north": {"uv": [13, 13, 12.5, 14], "texture": "#0"},
				"east": {"uv": [13.5, 9, 13, 10], "texture": "#0"},
				"south": {"uv": [9.5, 13, 9, 14], "texture": "#0"},
				"west": {"uv": [13.5, 13, 13, 14], "texture": "#0"},
				"up": {"uv": [8.5, 14, 8, 14.5], "texture": "#0"},
				"down": {"uv": [9, 14.5, 8.5, 14], "texture": "#0"}
			}
		},
		{
			"from": [7.365, 20.5, 5.5],
			"to": [8.635, 21.75, 9.5],
			"rotation": {"angle": -22.5, "axis": "x", "origin": [0, 10, 16]},
			"faces": {
				"north": {"uv": [9.5, 14, 9, 14.5], "texture": "#0"},
				"east": {"uv": [12, 9, 10, 9.5], "texture": "#0"},
				"south": {"uv": [14.5, 8.5, 14, 9], "texture": "#0"},
				"west": {"uv": [11.5, 10.5, 9.5, 11], "texture": "#0"},
				"up": {"uv": [7.5, 10, 7, 12], "texture": "#0"},
				"down": {"uv": [3, 13, 2.5, 11], "texture": "#0"}
			}
		},
		{
			"from": [7.375, 16.06524, 3.20497],
			"to": [8.625, 17.31524, 6.20497],
			"rotation": {"angle": 0, "axis": "y", "origin": [0, 3.56524, 12.70497]},
			"faces": {
				"north": {"uv": [14.5, 9.5, 14, 10], "texture": "#0"},
				"east": {"uv": [4.5, 12, 3, 12.5], "texture": "#0"},
				"south": {"uv": [10, 14, 9.5, 14.5], "texture": "#0"},
				"west": {"uv": [13.5, 3.5, 12, 4], "texture": "#0"},
				"up": {"uv": [12.5, 4, 12, 5.5], "texture": "#0"},
				"down": {"uv": [5, 13.5, 4.5, 12], "texture": "#0"}
			}
		},
		{
			"from": [7, 1.5, -9.75],
			"to": [9, 3.5, -7.75],
			"rotation": {"angle": 45, "axis": "x", "origin": [15, -4.26346, 15.77717]},
			"faces": {
				"north": {"uv": [5, 11, 4, 12], "texture": "#0"},
				"east": {"uv": [4, 11, 3, 12], "texture": "#0"},
				"south": {"uv": [11.5, 9.5, 10.5, 10.5], "texture": "#0"},
				"west": {"uv": [8.5, 11, 7.5, 12], "texture": "#0"},
				"up": {"uv": [12, 8, 11, 9], "texture": "#0"},
				"down": {"uv": [10.5, 12, 9.5, 11], "texture": "#0"}
			}
		},
		{
			"from": [7.375, 12.10152, -0.73617],
			"to": [8.625, 17.10152, 0.51383],
			"rotation": {"angle": 22.5, "axis": "x", "origin": [0.375, 8.60152, 15.01383]},
			"faces": {
				"north": {"uv": [9, 8.5, 8.5, 11], "texture": "#0"},
				"east": {"uv": [8.5, 8.5, 8, 11], "texture": "#0"},
				"south": {"uv": [8, 8.5, 7.5, 11], "texture": "#0"},
				"west": {"uv": [2.5, 9, 2, 11.5], "texture": "#0"},
				"up": {"uv": [10.5, 14, 10, 14.5], "texture": "#0"},
				"down": {"uv": [14.5, 10.5, 14, 10], "texture": "#0"}
			}
		},
		{
			"from": [7.38, 17.634, 2.95017],
			"to": [8.62, 20.634, 4.20017],
			"rotation": {"angle": 0, "axis": "y", "origin": [0.375, 9.134, 18.70017]},
			"faces": {
				"north": {"uv": [7.5, 12, 7, 13.5], "texture": "#0"},
				"east": {"uv": [7, 12, 6.5, 13.5], "texture": "#0"},
				"south": {"uv": [12.5, 5.5, 12, 7], "texture": "#0"},
				"west": {"uv": [12.5, 7, 12, 8.5], "texture": "#0"},
				"up": {"uv": [11, 14, 10.5, 14.5], "texture": "#0"},
				"down": {"uv": [14.5, 11, 14, 10.5], "texture": "#0"}
			}
		},
		{
			"from": [7.37, 13.8348, 3.04646],
			"to": [8.63, 16.8348, 4.29646],
			"rotation": {"angle": 0, "axis": "y", "origin": [0.375, 8.3348, 17.95254]},
			"faces": {
				"north": {"uv": [10, 12, 9.5, 13.5], "texture": "#0"},
				"east": {"uv": [8.5, 12, 8, 13.5], "texture": "#0"},
				"south": {"uv": [8, 12, 7.5, 13.5], "texture": "#0"},
				"west": {"uv": [10.5, 12, 10, 13.5], "texture": "#0"},
				"up": {"uv": [11.5, 14, 11, 14.5], "texture": "#0"},
				"down": {"uv": [14.5, 11.5, 14, 11], "texture": "#0"}
			}
		},
		{
			"from": [7.375, 18.57612, 5.88268],
			"to": [8.625, 20.57612, 6.88268],
			"rotation": {"angle": -22.5, "axis": "x", "origin": [0, 9.07612, 16.38268]},
			"faces": {
				"north": {"uv": [14, 2, 13.5, 3], "texture": "#0"},
				"east": {"uv": [2, 13.5, 1.5, 14.5], "texture": "#0"},
				"south": {"uv": [14, 1, 13.5, 2], "texture": "#0"},
				"west": {"uv": [14, 3.5, 13.5, 4.5], "texture": "#0"},
				"up": {"uv": [12, 14, 11.5, 14.5], "texture": "#0"},
				"down": {"uv": [14.5, 12, 14, 11.5], "texture": "#0"}
			}
		},
		{
			"from": [7.38, 17.69545, -9.865],
			"to": [8.62, 20.69545, -8.615],
			"rotation": {"angle": 45, "axis": "x", "origin": [0.375, 5.19545, -0.91847]},
			"faces": {
				"north": {"uv": [11.5, 12, 11, 13.5], "texture": "#0"},
				"east": {"uv": [12.5, 10.5, 12, 12], "texture": "#0"},
				"south": {"uv": [11, 12, 10.5, 13.5], "texture": "#0"},
				"west": {"uv": [12, 12, 11.5, 13.5], "texture": "#0"},
				"up": {"uv": [14, 14, 13.5, 14.5], "texture": "#0"},
				"down": {"uv": [14.5, 14, 14, 13.5], "texture": "#0"}
			}
		},
		{
			"from": [7.37, 10, -2.75],
			"to": [8.63, 11.25, -0.35],
			"rotation": {"angle": 45, "axis": "x", "origin": [0, 10, 16]},
			"faces": {
				"north": {"uv": [0.5, 14.5, 0, 15], "texture": "#0"},
				"east": {"uv": [5, 13.5, 4, 14], "texture": "#0"},
				"south": {"uv": [14.5, 14, 14, 14.5], "texture": "#0"},
				"west": {"uv": [14.5, 4.5, 13.5, 5], "texture": "#0"},
				"up": {"uv": [14, 5, 13.5, 6], "texture": "#0"},
				"down": {"uv": [14, 7, 13.5, 6], "texture": "#0"}
			}
		},
		{
			"from": [7.375, 17.49533, -1.78608],
			"to": [8.625, 20.49533, -0.53608],
			"rotation": {"angle": 22.5, "axis": "x", "origin": [0.375, 8.99533, 14.96392]},
			"faces": {
				"north": {"uv": [3.5, 12.5, 3, 14], "texture": "#0"},
				"east": {"uv": [13, 2, 12.5, 3.5], "texture": "#0"},
				"south": {"uv": [12.5, 12, 12, 13.5], "texture": "#0"},
				"west": {"uv": [4, 12.5, 3.5, 14], "texture": "#0"},
				"up": {"uv": [15, 0, 14.5, 0.5], "texture": "#0"},
				"down": {"uv": [1, 15, 0.5, 14.5], "texture": "#0"}
			}
		},
		{
			"from": [7.38, 25.69545, 9.6],
			"to": [8.62, 27.69545, 10.85],
			"rotation": {"angle": -22.5, "axis": "x", "origin": [0, 10, 16]},
			"faces": {
				"north": {"uv": [14, 7, 13.5, 8], "texture": "#0"},
				"east": {"uv": [7.5, 13.5, 7, 14.5], "texture": "#0"},
				"south": {"uv": [7, 13.5, 6.5, 14.5], "texture": "#0"},
				"west": {"uv": [8, 13.5, 7.5, 14.5], "texture": "#0"},
				"up": {"uv": [15, 0.5, 14.5, 1], "texture": "#0"},
				"down": {"uv": [1.5, 15, 1, 14.5], "texture": "#0"}
			}
		},
		{
			"from": [7.38, 29.97175, 14.77392],
			"to": [8.62, 30.85563, 15.6578],
			"rotation": {"angle": -22.5, "axis": "x", "origin": [0.005, 1.08369, 21.46217]},
			"faces": {
				"north": {"uv": [15, 1.5, 14.5, 2], "texture": "#0"},
				"east": {"uv": [2, 14.5, 1.5, 15], "texture": "#0"},
				"south": {"uv": [15, 1, 14.5, 1.5], "texture": "#0"},
				"west": {"uv": [2.5, 14.5, 2, 15], "texture": "#0"},
				"up": {"uv": [15, 2, 14.5, 2.5], "texture": "#0"},
				"down": {"uv": [3, 15, 2.5, 14.5], "texture": "#0"}
			}
		},
		{
			"from": [7.49, 23.738, 15.72307],
			"to": [8.51, 26.738, 17.72307],
			"rotation": {"angle": -22.5, "axis": "x", "origin": [16, 4.0474, 21.49153]},
			"faces": {
				"north": {"uv": [8.5, 11, 9, 12.5], "texture": "#0"},
				"east": {"uv": [2, 7.5, 3, 9], "texture": "#0"},
				"south": {"uv": [2, 11.5, 2.5, 13], "texture": "#0"},
				"west": {"uv": [7.5, 3, 8.5, 4.5], "texture": "#0"},
				"up": {"uv": [4.5, 13.5, 4, 12.5], "texture": "#0"},
				"down": {"uv": [13, 5, 12.5, 6], "texture": "#0"}
			}
		},
		{
			"from": [7.505, 21.32066, 16.74186],
			"to": [8.495, 23.32066, 17.74186],
			"rotation": {"angle": -22.5, "axis": "x", "origin": [0.005, 2.99907, -0.74336]},
			"faces": {
				"north": {"uv": [8.5, 12.5, 9, 13.5], "texture": "#0"},
				"east": {"uv": [13, 0, 13.5, 1], "texture": "#0"},
				"south": {"uv": [13, 1, 13.5, 2], "texture": "#0"},
				"west": {"uv": [2, 13, 2.5, 14], "texture": "#0"},
				"up": {"uv": [14, 12.5, 13.5, 12], "texture": "#0"},
				"down": {"uv": [14, 12.5, 13.5, 13], "texture": "#0"}
			}
		},
		{
			"from": [7.495, 23.738, -1.72307],
			"to": [8.505, 26.738, 1.27693],
			"rotation": {"angle": 22.5, "axis": "x", "origin": [16, 4.0474, -5.49153]},
			"faces": {
				"north": {"uv": [11.5, 2, 12, 3.5], "texture": "#0"},
				"east": {"uv": [5, 3.5, 6.5, 5], "texture": "#0"},
				"south": {"uv": [11.5, 3.5, 12, 5], "texture": "#0"},
				"west": {"uv": [5, 5, 6.5, 6.5], "texture": "#0"},
				"up": {"uv": [5.5, 13, 5, 11.5], "texture": "#0"},
				"down": {"uv": [12, 5, 11.5, 6.5], "texture": "#0"}
			}
		},
		{
			"from": [7.5075, 27.73589, -3.22517],
			"to": [8.4925, 29.73589, -2.22517],
			"rotation": {"angle": 22.5, "axis": "x", "origin": [-0.0025, 2.48624, -0.12569]},
			"faces": {
				"north": {"uv": [13, 2, 13.5, 3], "texture": "#0"},
				"east": {"uv": [2.5, 13, 3, 14], "texture": "#0"},
				"south": {"uv": [5, 13, 5.5, 14], "texture": "#0"},
				"west": {"uv": [13, 5, 13.5, 6], "texture": "#0"},
				"up": {"uv": [14, 13.5, 13.5, 13], "texture": "#0"},
				"down": {"uv": [14, 13.5, 13.5, 14], "texture": "#0"}
			}
		},
		{
			"from": [7.5, 23, 6.67339],
			"to": [8.5, 27, 9.32339],
			"rotation": {"angle": 0, "axis": "y", "origin": [0, 4, 0]},
			"faces": {
				"north": {"uv": [10, 5, 10.5, 7], "texture": "#0"},
				"east": {"uv": [4, 0, 5.5, 2], "texture": "#0"},
				"south": {"uv": [6.5, 10, 7, 12], "texture": "#0"},
				"west": {"uv": [2, 4, 3.5, 6], "texture": "#0"},
				"up": {"uv": [6, 13, 5.5, 11.5], "texture": "#0"},
				"down": {"uv": [6.5, 11.5, 6, 13], "texture": "#0"}
			}
		},
		{
			"from": [7.51, 26.99996, 7.43876],
			"to": [8.49, 27.99996, 8.55802],
			"rotation": {"angle": 0, "axis": "y", "origin": [0, 11, 0]},
			"faces": {
				"north": {"uv": [14, 0, 14.5, 0.5], "texture": "#0"},
				"east": {"uv": [0.5, 14, 1, 14.5], "texture": "#0"},
				"south": {"uv": [14, 0.5, 14.5, 1], "texture": "#0"},
				"west": {"uv": [1, 14, 1.5, 14.5], "texture": "#0"},
				"up": {"uv": [14.5, 1.5, 14, 1], "texture": "#0"},
				"down": {"uv": [14.5, 1.5, 14, 2], "texture": "#0"}
			}
		},
		{
			"from": [7.51, 30.82573, -12.4772],
			"to": [8.49, 31.61717, -11.68576],
			"rotation": {"angle": 45, "axis": "x", "origin": [0.005, 5.79605, -4.90685]},
			"faces": {
				"north": {"uv": [2, 14, 2.5, 14.5], "texture": "#0"},
				"east": {"uv": [14, 2, 14.5, 2.5], "texture": "#0"},
				"south": {"uv": [2.5, 14, 3, 14.5], "texture": "#0"},
				"west": {"uv": [14, 2.5, 14.5, 3], "texture": "#0"},
				"up": {"uv": [3.5, 14.5, 3, 14], "texture": "#0"},
				"down": {"uv": [14.5, 3, 14, 3.5], "texture": "#0"}
			}
		},
		{
			"from": [7, 22.54698, 16.35287],
			"to": [9, 24.54698, 17.35287],
			"rotation": {"angle": -22.5, "axis": "x", "origin": [15.75, 0.85638, 22.12133]},
			"faces": {
				"north": {"uv": [9.5, 7, 10.5, 8], "texture": "#0"},
				"east": {"uv": [4.5, 5.5, 5, 6.5], "texture": "#0"},
				"south": {"uv": [9.5, 9.5, 10.5, 10.5], "texture": "#0"},
				"west": {"uv": [3, 6, 3.5, 7], "texture": "#0"},
				"up": {"uv": [13, 9, 12, 8.5], "texture": "#0"},
				"down": {"uv": [13, 9, 12, 9.5], "texture": "#0"}
			}
		},
		{
			"from": [7.005, 22.54698, -1.35287],
			"to": [8.995, 24.54698, -0.35287],
			"rotation": {"angle": 22.5, "axis": "x", "origin": [15.75, 0.85638, -6.12133]},
			"faces": {
				"north": {"uv": [3, 10, 4, 11], "texture": "#0"},
				"east": {"uv": [4, 7, 4.5, 8], "texture": "#0"},
				"south": {"uv": [4, 10, 5, 11], "texture": "#0"},
				"west": {"uv": [12.5, 0, 13, 1], "texture": "#0"},
				"up": {"uv": [13.5, 4.5, 12.5, 4], "texture": "#0"},
				"down": {"uv": [13.5, 4.5, 12.5, 5], "texture": "#0"}
			}
		},
		{
			"from": [7.01, 20.5, 7.35015],
			"to": [8.99, 23.5, 8.65015],
			"rotation": {"angle": 0, "axis": "y", "origin": [15.75, -4.77177, 2.58169]},
			"faces": {
				"north": {"uv": [7.5, 4.5, 8.5, 6], "texture": "#0"},
				"east": {"uv": [11.5, 6.5, 12, 8], "texture": "#0"},
				"south": {"uv": [7.5, 6, 8.5, 7.5], "texture": "#0"},
				"west": {"uv": [9, 11.5, 9.5, 13], "texture": "#0"},
				"up": {"uv": [13.5, 6.5, 12.5, 6], "texture": "#0"},
				"down": {"uv": [13.5, 6.5, 12.5, 7], "texture": "#0"}
			}
		},
		{
			"from": [7.015, 22.15865, -8.48713],
			"to": [8.985, 23.07865, -7.56713],
			"rotation": {"angle": 45, "axis": "x", "origin": [0, 3.71334, 1.05013]},
			"faces": {
				"north": {"uv": [12.5, 7, 13.5, 7.5], "texture": "#0"},
				"east": {"uv": [13.5, 11.5, 14, 12], "texture": "#0"},
				"south": {"uv": [12.5, 7.5, 13.5, 8], "texture": "#0"},
				"west": {"uv": [12, 13.5, 12.5, 14], "texture": "#0"},
				"up": {"uv": [13.5, 8.5, 12.5, 8], "texture": "#0"},
				"down": {"uv": [13.5, 10.5, 12.5, 11], "texture": "#0"}
			}
		},
		{
			"from": [7.5, -14, 7.5],
			"to": [8.5, 13, 8.5],
			"rotation": {"angle": 0, "axis": "y", "origin": [0, -18, 1]},
			"faces": {
				"north": {"uv": [0, 0, 0.5, 13.5], "texture": "#0"},
				"east": {"uv": [0.5, 0, 1, 13.5], "texture": "#0"},
				"south": {"uv": [1, 0, 1.5, 13.5], "texture": "#0"},
				"west": {"uv": [1.5, 0, 2, 13.5], "texture": "#0"},
				"up": {"uv": [5.5, 9.5, 5, 9], "texture": "#0"},
				"down": {"uv": [10, 8, 9.5, 8.5], "texture": "#0"}
			}
		},
		{
			"from": [7.005, 14.89949, 7.25],
			"to": [8.995, 17.89949, 8.75],
			"rotation": {"angle": 0, "axis": "y", "origin": [0, 7, 0]},
			"faces": {
				"north": {"uv": [6.5, 4.5, 7.5, 6], "texture": "#0"},
				"east": {"uv": [5.5, 6.5, 6.5, 8], "texture": "#0"},
				"south": {"uv": [6.5, 6, 7.5, 7.5], "texture": "#0"},
				"west": {"uv": [7, 0, 8, 1.5], "texture": "#0"},
				"up": {"uv": [5, 10, 4, 9], "texture": "#0"},
				"down": {"uv": [10, 8.5, 9, 9.5], "texture": "#0"}
			}
		},
		{
			"from": [7.25, 11, 6.5],
			"to": [8.75, 12, 9.5],
			"rotation": {"angle": 0, "axis": "y", "origin": [0, -6, 1]},
			"faces": {
				"north": {"uv": [4, 3.5, 5, 4], "texture": "#0"},
				"east": {"uv": [11.5, 1, 13, 1.5], "texture": "#0"},
				"south": {"uv": [5.5, 3, 6.5, 3.5], "texture": "#0"},
				"west": {"uv": [11.5, 1.5, 13, 2], "texture": "#0"},
				"up": {"uv": [8, 3, 7, 1.5], "texture": "#0"},
				"down": {"uv": [4, 7, 3, 8.5], "texture": "#0"}
			}
		},
		{
			"from": [7.255, 17.24695, -5.17946],
			"to": [8.745, 17.95406, -4.47235],
			"rotation": {"angle": 45, "axis": "x", "origin": [0.005, -2.74264, -5.02691]},
			"faces": {
				"north": {"uv": [3.5, 14, 4, 14.5], "texture": "#0"},
				"east": {"uv": [14, 3.5, 14.5, 4], "texture": "#0"},
				"south": {"uv": [4, 14, 4.5, 14.5], "texture": "#0"},
				"west": {"uv": [14, 4, 14.5, 4.5], "texture": "#0"},
				"up": {"uv": [5, 14.5, 4.5, 14], "texture": "#0"},
				"down": {"uv": [5.5, 14, 5, 14.5], "texture": "#0"}
			}
		},
		{
			"from": [7.255, 5.31802, 9.67336],
			"to": [8.745, 6.02513, 10.38047],
			"rotation": {"angle": -45, "axis": "x", "origin": [0.005, 4.32843, 1.22792]},
			"faces": {
				"north": {"uv": [14, 5, 14.5, 5.5], "texture": "#0"},
				"east": {"uv": [5.5, 14, 6, 14.5], "texture": "#0"},
				"south": {"uv": [14, 5.5, 14.5, 6], "texture": "#0"},
				"west": {"uv": [6, 14, 6.5, 14.5], "texture": "#0"},
				"up": {"uv": [14.5, 6.5, 14, 6], "texture": "#0"},
				"down": {"uv": [14.5, 6.5, 14, 7], "texture": "#0"}
			}
		},
		{
			"from": [7.25, -13, 7.25],
			"to": [8.75, -12, 8.75],
			"rotation": {"angle": 0, "axis": "y", "origin": [0, -18, 1]},
			"faces": {
				"north": {"uv": [12.5, 11, 13.5, 11.5], "texture": "#0"},
				"east": {"uv": [12.5, 11.5, 13.5, 12], "texture": "#0"},
				"south": {"uv": [12.5, 12, 13.5, 12.5], "texture": "#0"},
				"west": {"uv": [12.5, 12.5, 13.5, 13], "texture": "#0"},
				"up": {"uv": [11, 9, 10, 8], "texture": "#0"},
				"down": {"uv": [11.5, 0, 10.5, 1], "texture": "#0"}
			}
		},
		{
			"from": [7.25, -3, 7.25],
			"to": [8.75, -2, 8.75],
			"rotation": {"angle": 0, "axis": "y", "origin": [0, -18, 1]},
			"faces": {
				"north": {"uv": [8, 13.5, 9, 14], "texture": "#0"},
				"east": {"uv": [13.5, 8, 14.5, 8.5], "texture": "#0"},
				"south": {"uv": [13.5, 9, 14.5, 9.5], "texture": "#0"},
				"west": {"uv": [9.5, 13.5, 10.5, 14], "texture": "#0"},
				"up": {"uv": [11.5, 12, 10.5, 11], "texture": "#0"},
				"down": {"uv": [12.5, 0, 11.5, 1], "texture": "#0"}
			}
		},
		{
			"from": [7.25, -16, 7.25],
			"to": [8.75, -14, 8.75],
			"rotation": {"angle": 0, "axis": "y", "origin": [0, -18, 0]},
			"faces": {
				"north": {"uv": [9.5, 0, 10.5, 1], "texture": "#0"},
				"east": {"uv": [9.5, 1, 10.5, 2], "texture": "#0"},
				"south": {"uv": [9.5, 2, 10.5, 3], "texture": "#0"},
				"west": {"uv": [9.5, 3, 10.5, 4], "texture": "#0"},
				"up": {"uv": [10.5, 5, 9.5, 4], "texture": "#0"},
				"down": {"uv": [6, 9.5, 5, 10.5], "texture": "#0"}
			}
		},
		{
			"from": [7.5, -8.06066, 11.83148],
			"to": [8.5, -7.06066, 12.83148],
			"rotation": {"angle": -45, "axis": "x", "origin": [16.5, -17.06066, 20.33148]},
			"faces": {
				"north": {"uv": [13.5, 9.5, 14, 10], "texture": "#0"},
				"east": {"uv": [10.5, 13.5, 11, 14], "texture": "#0"},
				"south": {"uv": [13.5, 10.5, 14, 11], "texture": "#0"},
				"west": {"uv": [11, 13.5, 11.5, 14], "texture": "#0"},
				"up": {"uv": [14, 11.5, 13.5, 11], "texture": "#0"},
				"down": {"uv": [12, 13.5, 11.5, 14], "texture": "#0"}
			}
		}
	],
	"display": {
		"thirdperson_righthand": {
			"translation": [0, 2.25, 1.5],
			"scale": [1.25, 1.25, 1.25]
		},
		"firstperson_righthand": {
			"rotation": [-15, 0, 0],
			"translation": [5, 0, -0.5],
			"scale": [0.8, 0.8, 0.8]
		},
		"gui": {
			"rotation": [30, 50, -50],
			"translation": [0, 1, 0],
			"scale": [0.6, 0.6, 0.65]
		}
	}
}