{
	"credit": "Made with Blockbench by ProbsWinter",
	"texture_size": [32, 32],
	"textures": {
		"1": "item/nirvana",
		"2": "item/nirvbaseblade",
		"3": "item/nirvdash",
		"particle": "item/nirvbaseblade"
	},
	"elements": [
		{
			"name": "grip",
			"from": [6.5, 8, 7.5],
			"to": [9.5, 9, 8.5],
			"rotation": {"angle": 0, "axis": "y", "origin": [17, 0, 0]},
			"faces": {
				"north": {"uv": [10, 4.5, 11.5, 5], "texture": "#1"},
				"east": {"uv": [5.5, 13, 6, 13.5], "texture": "#1"},
				"south": {"uv": [6, 10, 7.5, 10.5], "texture": "#1"},
				"west": {"uv": [13, 6, 13.5, 6.5], "texture": "#1"},
				"up": {"uv": [11.5, 8, 10, 7.5], "texture": "#1"},
				"down": {"uv": [11.5, 8, 10, 8.5], "texture": "#1"}
			}
		},
		{
			"name": "gem",
			"from": [10.7, 10.625, 7.25],
			"to": [14.2, 14.125, 8.75],
			"rotation": {"angle": -45, "axis": "z", "origin": [0.63604, 13.77817, 0.5]},
			"faces": {
				"north": {"uv": [14.5, 11, 16, 12.5], "rotation": 90, "texture": "#1"},
				"east": {"uv": [16, 12.5, 14.5, 13], "rotation": 270, "texture": "#1"},
				"south": {"uv": [14.5, 9.5, 16, 11], "rotation": 270, "texture": "#1"},
				"west": {"uv": [16, 9.5, 14.5, 9], "rotation": 270, "texture": "#1"},
				"up": {"uv": [14, 12.5, 14.5, 14], "rotation": 270, "texture": "#1"},
				"down": {"uv": [14, 11, 14.5, 12.5], "rotation": 270, "texture": "#1"}
			}
		},
		{
			"name": "gem",
			"from": [-2.23988, 0.60775, 7],
			"to": [0.26012, 3.10775, 9],
			"rotation": {"angle": 45, "axis": "z", "origin": [0.39616, 13.99382, 0.75]},
			"faces": {
				"north": {"uv": [10, 3.5, 11, 4.5], "texture": "#1"},
				"east": {"uv": [13, 4.5, 13.5, 5.5], "texture": "#1"},
				"south": {"uv": [5, 10, 6, 11], "texture": "#1"},
				"west": {"uv": [5, 13, 5.5, 14], "texture": "#1"},
				"up": {"uv": [14, 1.5, 13, 1], "texture": "#1"},
				"down": {"uv": [14, 2.5, 13, 3], "texture": "#1"}
			}
		},
		{
			"from": [2.85265, 11.37609, 7.75],
			"to": [3.85265, 14.37609, 8.25],
			"rotation": {"angle": 0, "axis": "y", "origin": [-0.01132, 15.12606, 0.5]},
			"faces": {
				"north": {"uv": [4, 15, 5.5, 14.5], "rotation": 90, "texture": "#1"},
				"east": {"uv": [5.5, 14.5, 4, 15], "rotation": 270, "texture": "#1"},
				"south": {"uv": [5.5, 15, 4, 14.5], "rotation": 270, "texture": "#1"},
				"west": {"uv": [5.5, 15, 4, 14.5], "rotation": 270, "texture": "#1"},
				"up": {"uv": [14, 4.5, 14.5, 4], "rotation": 270, "texture": "#1"},
				"down": {"uv": [14, 5, 14.5, 4.5], "rotation": 270, "texture": "#1"}
			}
		},
		{
			"from": [2.85265, 13.37609, 7.625],
			"to": [3.85265, 16.37609, 8.375],
			"rotation": {"angle": -22.5, "axis": "z", "origin": [-0.01132, 15.12606, 0.5]},
			"faces": {
				"north": {"uv": [4, 15, 5.5, 14.5], "rotation": 90, "texture": "#1"},
				"east": {"uv": [5.5, 14.5, 4, 15], "rotation": 270, "texture": "#1"},
				"south": {"uv": [5.5, 15, 4, 14.5], "rotation": 270, "texture": "#1"},
				"west": {"uv": [5.5, 15, 4, 14.5], "rotation": 270, "texture": "#1"},
				"up": {"uv": [14, 4.5, 14.5, 4], "rotation": 270, "texture": "#1"},
				"down": {"uv": [14, 5, 14.5, 4.5], "rotation": 270, "texture": "#1"}
			}
		},
		{
			"from": [5.33811, 6.53205, 7.75],
			"to": [7.33811, 7.23205, 8.25],
			"rotation": {"angle": -22.5, "axis": "z", "origin": [-0.41188, 14.31813, 0.625]},
			"faces": {
				"north": {"uv": [12.5, 5, 11.5, 5.5], "texture": "#1"},
				"east": {"uv": [0.5, 13.5, 0, 14], "texture": "#1"},
				"south": {"uv": [12.5, 5.5, 11.5, 6], "texture": "#1"},
				"west": {"uv": [13.5, 13, 13, 13.5], "texture": "#1"},
				"up": {"uv": [11.5, 7, 12.5, 6.5], "texture": "#1"},
				"down": {"uv": [11.5, 7, 12.5, 7.5], "texture": "#1"}
			}
		},
		{
			"from": [1.58022, 9.03175, 7.8125],
			"to": [4.58022, 9.78175, 8.1875],
			"rotation": {"angle": -22.5, "axis": "z", "origin": [-3.16977, 11.39283, 0.6875]},
			"faces": {
				"north": {"uv": [12, 12, 11, 12.5], "texture": "#1"},
				"east": {"uv": [14.5, 2, 14, 2.5], "texture": "#1"},
				"south": {"uv": [13, 11, 12, 11.5], "texture": "#1"},
				"west": {"uv": [2.5, 14, 2, 14.5], "texture": "#1"},
				"up": {"uv": [12, 12, 13, 11.5], "texture": "#1"},
				"down": {"uv": [12, 12, 13, 12.5], "texture": "#1"}
			}
		},
		{
			"from": [4.91225, 3.59629, 7.505],
			"to": [6.41225, 5.59629, 8.495],
			"rotation": {"angle": 0, "axis": "y", "origin": [0.04828, 14.59627, 0.5]},
			"faces": {
				"north": {"uv": [5, 9.5, 4, 10.5], "texture": "#1"},
				"east": {"uv": [6.5, 12.5, 6, 13.5], "texture": "#1"},
				"south": {"uv": [10.5, 6, 9.5, 7], "texture": "#1"},
				"west": {"uv": [13, 4.5, 12.5, 5.5], "texture": "#1"},
				"up": {"uv": [12.5, 6, 13.5, 5.5], "texture": "#1"},
				"down": {"uv": [12.5, 6.5, 13.5, 7], "texture": "#1"}
			}
		},
		{
			"from": [-2.53449, 9.43658, 7.625],
			"to": [-1.53449, 12.43658, 8.375],
			"rotation": {"angle": 22.5, "axis": "z", "origin": [-0.39846, 15.18655, 0.625]},
			"faces": {
				"north": {"uv": [4, 15, 5.5, 14.5], "rotation": 90, "texture": "#1"},
				"east": {"uv": [5.5, 14.5, 4, 15], "rotation": 270, "texture": "#1"},
				"south": {"uv": [5.5, 15, 4, 14.5], "rotation": 270, "texture": "#1"},
				"west": {"uv": [5.5, 15, 4, 14.5], "rotation": 270, "texture": "#1"},
				"up": {"uv": [14, 4.5, 14.5, 4], "rotation": 270, "texture": "#1"},
				"down": {"uv": [14, 5, 14.5, 4.5], "rotation": 270, "texture": "#1"}
			}
		},
		{
			"from": [-2.01606, 9.81253, 7.8125],
			"to": [-1.26606, 12.81253, 8.1875],
			"rotation": {"angle": 45, "axis": "z", "origin": [-0.10495, 13.56253, 0.6875]},
			"faces": {
				"north": {"uv": [4, 12.5, 3.5, 13.5], "texture": "#1"},
				"east": {"uv": [5, 12.5, 4.5, 13.5], "texture": "#1"},
				"south": {"uv": [4.5, 12.5, 4, 13.5], "texture": "#1"},
				"west": {"uv": [13, 3.5, 12.5, 4.5], "texture": "#1"},
				"up": {"uv": [3.5, 14.5, 4, 14], "texture": "#1"},
				"down": {"uv": [14, 3.5, 14.5, 4], "texture": "#1"}
			}
		},
		{
			"from": [1.71835, 10.80931, 7.75],
			"to": [3.71835, 11.55931, 8.25],
			"rotation": {"angle": -45, "axis": "z", "origin": [-3.03164, 11.17039, 0.6875]},
			"faces": {
				"north": {"uv": [12, 12, 11, 12.5], "texture": "#1"},
				"east": {"uv": [14.5, 2, 14, 2.5], "texture": "#1"},
				"south": {"uv": [13, 11, 12, 11.5], "texture": "#1"},
				"west": {"uv": [2.5, 14, 2, 14.5], "texture": "#1"},
				"up": {"uv": [12, 12, 13, 11.5], "texture": "#1"},
				"down": {"uv": [12, 12, 13, 12.5], "texture": "#1"}
			}
		},
		{
			"from": [2.18869, 4.87102, 7.8125],
			"to": [4.18869, 5.57102, 8.1875],
			"rotation": {"angle": 0, "axis": "y", "origin": [-3.3056, 12.6571, 0.75]},
			"faces": {
				"north": {"uv": [12.5, 5, 11.5, 5.5], "texture": "#1"},
				"east": {"uv": [0.5, 13.5, 0, 14], "texture": "#1"},
				"south": {"uv": [12.5, 5.5, 11.5, 6], "texture": "#1"},
				"west": {"uv": [13.5, 13, 13, 13.5], "texture": "#1"},
				"up": {"uv": [11.5, 7, 12.5, 6.5], "texture": "#1"},
				"down": {"uv": [11.5, 7, 12.5, 7.5], "texture": "#1"}
			}
		},
		{
			"from": [0.38601, 2.3921, 7.625],
			"to": [2.38601, 3.6421, 8.375],
			"rotation": {"angle": 22.5, "axis": "z", "origin": [-2.36396, 11.77817, 0.5]},
			"faces": {
				"north": {"uv": [12.5, 3, 11.5, 3.5], "texture": "#1"},
				"east": {"uv": [13.5, 12.5, 13, 13], "texture": "#1"},
				"south": {"uv": [12.5, 3.5, 11.5, 4], "texture": "#1"},
				"west": {"uv": [13, 13, 12.5, 13.5], "texture": "#1"},
				"up": {"uv": [11.5, 4.5, 12.5, 4], "texture": "#1"},
				"down": {"uv": [11.5, 4.5, 12.5, 5], "texture": "#1"}
			}
		},
		{
			"from": [1.486, 6.1421, 7.625],
			"to": [5.486, 7.6421, 8.375],
			"rotation": {"angle": 0, "axis": "y", "origin": [-3.36396, 13.77817, 0.5]},
			"faces": {
				"north": {"uv": [10, 7.5, 8, 8], "texture": "#1"},
				"east": {"uv": [13.5, 11.5, 13, 12], "texture": "#1"},
				"south": {"uv": [10, 8, 8, 8.5], "texture": "#1"},
				"west": {"uv": [12, 13, 11.5, 13.5], "texture": "#1"},
				"up": {"uv": [8.5, 5.5, 10.5, 5], "texture": "#1"},
				"down": {"uv": [8.5, 5.5, 10.5, 6], "texture": "#1"}
			}
		},
		{
			"from": [2.38601, 9.64214, 7.5],
			"to": [7.38601, 11.14214, 8.5],
			"rotation": {"angle": -22.5, "axis": "z", "origin": [-0.36396, 15.77817, 0.5]},
			"faces": {
				"north": {"uv": [2.5, 6, 0, 7], "texture": "#1"},
				"east": {"uv": [11.5, 10.5, 11, 11.5], "texture": "#1"},
				"south": {"uv": [5, 6, 2.5, 7], "texture": "#1"},
				"west": {"uv": [7.5, 11, 7, 12], "texture": "#1"},
				"up": {"uv": [7, 7, 9.5, 6.5], "texture": "#1"},
				"down": {"uv": [7, 7, 9.5, 7.5], "texture": "#1"}
			}
		},
		{
			"from": [0.5, 3.7782, 7.5],
			"to": [2, 11.7782, 8.5],
			"rotation": {"angle": 22.5, "axis": "z", "origin": [-0.36396, 15.77817, 0.5]},
			"faces": {
				"north": {"uv": [1, 0, 0, 4], "texture": "#1"},
				"east": {"uv": [6, 6, 5.5, 10], "texture": "#1"},
				"south": {"uv": [2, 0, 1, 4], "texture": "#1"},
				"west": {"uv": [5.5, 6, 5, 10], "texture": "#1"},
				"up": {"uv": [10.5, 3.5, 11.5, 3], "texture": "#1"},
				"down": {"uv": [6.5, 10.5, 7.5, 11], "texture": "#1"}
			}
		},
		{
			"from": [4.63604, 12.77817, 7.25],
			"to": [9.63604, 14.77817, 8.75],
			"rotation": {"angle": -45, "axis": "z", "origin": [-0.36396, 15.77817, 0.5]},
			"faces": {
				"north": {"uv": [5, 4, 2.5, 5], "texture": "#1"},
				"east": {"uv": [9, 2, 8, 3], "texture": "#1"},
				"south": {"uv": [6.5, 3, 4, 4], "texture": "#1"},
				"west": {"uv": [9, 1, 8, 2], "texture": "#1"},
				"up": {"uv": [0, 6, 2.5, 5], "texture": "#1"},
				"down": {"uv": [2.5, 5, 5, 6], "texture": "#1"}
			}
		},
		{
			"from": [9.58775, 3.59629, 7.505],
			"to": [11.08775, 5.59629, 8.495],
			"rotation": {"angle": 0, "axis": "y", "origin": [15.95172, 14.59627, 0.5]},
			"faces": {
				"north": {"uv": [4, 9.5, 5, 10.5], "texture": "#1"},
				"east": {"uv": [12.5, 4.5, 13, 5.5], "texture": "#1"},
				"south": {"uv": [9.5, 6, 10.5, 7], "texture": "#1"},
				"west": {"uv": [6, 12.5, 6.5, 13.5], "texture": "#1"},
				"up": {"uv": [13.5, 6, 12.5, 5.5], "texture": "#1"},
				"down": {"uv": [13.5, 6.5, 12.5, 7], "texture": "#1"}
			}
		},
		{
			"from": [18.72378, -0.0026, 7.5],
			"to": [19.72378, 3.6474, 8.5],
			"rotation": {"angle": -45, "axis": "z", "origin": [15.08774, 14.65262, 0.5]},
			"faces": {
				"north": {"uv": [9, 1, 9.5, 3], "texture": "#1"},
				"east": {"uv": [9, 8.5, 9.5, 10.5], "texture": "#1"},
				"south": {"uv": [9.5, 1, 10, 3], "texture": "#1"},
				"west": {"uv": [3.5, 9.5, 4, 11.5], "texture": "#1"},
				"up": {"uv": [1.5, 14.5, 1, 14], "texture": "#1"},
				"down": {"uv": [14.5, 1, 14, 1.5], "texture": "#1"}
			}
		},
		{
			"from": [12.14735, 11.37609, 7.75],
			"to": [13.14735, 14.37609, 8.25],
			"rotation": {"angle": 0, "axis": "y", "origin": [16.01132, 15.12606, 0.5]},
			"faces": {
				"north": {"uv": [4, 14.5, 5.5, 15], "rotation": 90, "texture": "#1"},
				"east": {"uv": [5.5, 14.5, 4, 15], "rotation": 270, "texture": "#1"},
				"south": {"uv": [5.5, 14.5, 4, 15], "rotation": 270, "texture": "#1"},
				"west": {"uv": [5.5, 15, 4, 14.5], "rotation": 270, "texture": "#1"},
				"up": {"uv": [14, 4, 14.5, 4.5], "rotation": 270, "texture": "#1"},
				"down": {"uv": [14, 4.5, 14.5, 5], "rotation": 270, "texture": "#1"}
			}
		},
		{
			"from": [12.14735, 13.37609, 7.625],
			"to": [13.14735, 16.37609, 8.375],
			"rotation": {"angle": 22.5, "axis": "z", "origin": [16.01132, 15.12606, 0.5]},
			"faces": {
				"north": {"uv": [4, 14.5, 5.5, 15], "rotation": 90, "texture": "#1"},
				"east": {"uv": [5.5, 14.5, 4, 15], "rotation": 270, "texture": "#1"},
				"south": {"uv": [5.5, 14.5, 4, 15], "rotation": 270, "texture": "#1"},
				"west": {"uv": [5.5, 15, 4, 14.5], "rotation": 270, "texture": "#1"},
				"up": {"uv": [14, 4, 14.5, 4.5], "rotation": 270, "texture": "#1"},
				"down": {"uv": [14, 4.5, 14.5, 5], "rotation": 270, "texture": "#1"}
			}
		},
		{
			"from": [17.53449, 9.43658, 7.625],
			"to": [18.53449, 12.43658, 8.375],
			"rotation": {"angle": -22.5, "axis": "z", "origin": [16.39846, 15.18655, 0.625]},
			"faces": {
				"north": {"uv": [4, 14.5, 5.5, 15], "rotation": 90, "texture": "#1"},
				"east": {"uv": [5.5, 14.5, 4, 15], "rotation": 270, "texture": "#1"},
				"south": {"uv": [5.5, 14.5, 4, 15], "rotation": 270, "texture": "#1"},
				"west": {"uv": [5.5, 15, 4, 14.5], "rotation": 270, "texture": "#1"},
				"up": {"uv": [14, 4, 14.5, 4.5], "rotation": 270, "texture": "#1"},
				"down": {"uv": [14, 4.5, 14.5, 5], "rotation": 270, "texture": "#1"}
			}
		},
		{
			"from": [17.26606, 9.81253, 7.8125],
			"to": [18.01606, 12.81253, 8.1875],
			"rotation": {"angle": -45, "axis": "z", "origin": [16.10495, 13.56253, 0.6875]},
			"faces": {
				"north": {"uv": [3.5, 12.5, 4, 13.5], "texture": "#1"},
				"east": {"uv": [12.5, 3.5, 13, 4.5], "texture": "#1"},
				"south": {"uv": [4, 12.5, 4.5, 13.5], "texture": "#1"},
				"west": {"uv": [4.5, 12.5, 5, 13.5], "texture": "#1"},
				"up": {"uv": [4, 14.5, 3.5, 14], "texture": "#1"},
				"down": {"uv": [14.5, 3.5, 14, 4], "texture": "#1"}
			}
		},
		{
			"from": [11.41978, 9.03175, 7.8125],
			"to": [14.41978, 9.78175, 8.1875],
			"rotation": {"angle": 22.5, "axis": "z", "origin": [19.16977, 11.39283, 0.6875]},
			"faces": {
				"north": {"uv": [11, 12, 12, 12.5], "texture": "#1"},
				"east": {"uv": [2, 14, 2.5, 14.5], "texture": "#1"},
				"south": {"uv": [12, 11, 13, 11.5], "texture": "#1"},
				"west": {"uv": [14, 2, 14.5, 2.5], "texture": "#1"},
				"up": {"uv": [13, 12, 12, 11.5], "texture": "#1"},
				"down": {"uv": [13, 12, 12, 12.5], "texture": "#1"}
			}
		},
		{
			"from": [12.28165, 10.80931, 7.75],
			"to": [14.28165, 11.55931, 8.25],
			"rotation": {"angle": 45, "axis": "z", "origin": [19.03164, 11.17039, 0.6875]},
			"faces": {
				"north": {"uv": [11, 12, 12, 12.5], "texture": "#1"},
				"east": {"uv": [2, 14, 2.5, 14.5], "texture": "#1"},
				"south": {"uv": [12, 11, 13, 11.5], "texture": "#1"},
				"west": {"uv": [14, 2, 14.5, 2.5], "texture": "#1"},
				"up": {"uv": [13, 12, 12, 11.5], "texture": "#1"},
				"down": {"uv": [13, 12, 12, 12.5], "texture": "#1"}
			}
		},
		{
			"from": [8.66189, 6.53205, 7.75],
			"to": [10.66189, 7.23205, 8.25],
			"rotation": {"angle": 22.5, "axis": "z", "origin": [16.41188, 14.31813, 0.625]},
			"faces": {
				"north": {"uv": [11.5, 5, 12.5, 5.5], "texture": "#1"},
				"east": {"uv": [13, 13, 13.5, 13.5], "texture": "#1"},
				"south": {"uv": [11.5, 5.5, 12.5, 6], "texture": "#1"},
				"west": {"uv": [0, 13.5, 0.5, 14], "texture": "#1"},
				"up": {"uv": [12.5, 7, 11.5, 6.5], "texture": "#1"},
				"down": {"uv": [12.5, 7, 11.5, 7.5], "texture": "#1"}
			}
		},
		{
			"from": [11.81131, 4.87102, 7.8125],
			"to": [13.81131, 5.57102, 8.1875],
			"rotation": {"angle": 0, "axis": "y", "origin": [19.3056, 12.6571, 0.75]},
			"faces": {
				"north": {"uv": [11.5, 5, 12.5, 5.5], "texture": "#1"},
				"east": {"uv": [13, 13, 13.5, 13.5], "texture": "#1"},
				"south": {"uv": [11.5, 5.5, 12.5, 6], "texture": "#1"},
				"west": {"uv": [0, 13.5, 0.5, 14], "texture": "#1"},
				"up": {"uv": [12.5, 7, 11.5, 6.5], "texture": "#1"},
				"down": {"uv": [12.5, 7, 11.5, 7.5], "texture": "#1"}
			}
		},
		{
			"from": [13.61399, 2.3921, 7.625],
			"to": [15.61399, 3.6421, 8.375],
			"rotation": {"angle": -22.5, "axis": "z", "origin": [18.36396, 11.77817, 0.5]},
			"faces": {
				"north": {"uv": [11.5, 3, 12.5, 3.5], "texture": "#1"},
				"east": {"uv": [12.5, 13, 13, 13.5], "texture": "#1"},
				"south": {"uv": [11.5, 3.5, 12.5, 4], "texture": "#1"},
				"west": {"uv": [13, 12.5, 13.5, 13], "texture": "#1"},
				"up": {"uv": [12.5, 4.5, 11.5, 4], "texture": "#1"},
				"down": {"uv": [12.5, 4.5, 11.5, 5], "texture": "#1"}
			}
		},
		{
			"from": [10.514, 6.1421, 7.625],
			"to": [14.514, 7.6421, 8.375],
			"rotation": {"angle": 0, "axis": "y", "origin": [19.36396, 13.77817, 0.5]},
			"faces": {
				"north": {"uv": [8, 7.5, 10, 8], "texture": "#1"},
				"east": {"uv": [11.5, 13, 12, 13.5], "texture": "#1"},
				"south": {"uv": [8, 8, 10, 8.5], "texture": "#1"},
				"west": {"uv": [13, 11.5, 13.5, 12], "texture": "#1"},
				"up": {"uv": [10.5, 5.5, 8.5, 5], "texture": "#1"},
				"down": {"uv": [10.5, 5.5, 8.5, 6], "texture": "#1"}
			}
		},
		{
			"from": [8.61399, 9.64214, 7.5],
			"to": [13.61399, 11.14214, 8.5],
			"rotation": {"angle": 22.5, "axis": "z", "origin": [16.36396, 15.77817, 0.5]},
			"faces": {
				"north": {"uv": [0, 6, 2.5, 7], "texture": "#1"},
				"east": {"uv": [7, 11, 7.5, 12], "texture": "#1"},
				"south": {"uv": [2.5, 6, 5, 7], "texture": "#1"},
				"west": {"uv": [11, 10.5, 11.5, 11.5], "texture": "#1"},
				"up": {"uv": [9.5, 7, 7, 6.5], "texture": "#1"},
				"down": {"uv": [9.5, 7, 7, 7.5], "texture": "#1"}
			}
		},
		{
			"from": [14, 3.7782, 7.5],
			"to": [15.5, 11.7782, 8.5],
			"rotation": {"angle": -22.5, "axis": "z", "origin": [16.36396, 15.77817, 0.5]},
			"faces": {
				"north": {"uv": [0, 0, 1, 4], "texture": "#1"},
				"east": {"uv": [5, 6, 5.5, 10], "texture": "#1"},
				"south": {"uv": [1, 0, 2, 4], "texture": "#1"},
				"west": {"uv": [5.5, 6, 6, 10], "texture": "#1"},
				"up": {"uv": [11.5, 3.5, 10.5, 3], "texture": "#1"},
				"down": {"uv": [7.5, 10.5, 6.5, 11], "texture": "#1"}
			}
		},
		{
			"from": [6.36396, 12.77817, 7.25],
			"to": [11.36396, 14.77817, 8.75],
			"rotation": {"angle": 45, "axis": "z", "origin": [16.36396, 15.77817, 0.5]},
			"faces": {
				"north": {"uv": [2.5, 4, 5, 5], "texture": "#1"},
				"east": {"uv": [8, 1, 9, 2], "texture": "#1"},
				"south": {"uv": [4, 3, 6.5, 4], "texture": "#1"},
				"west": {"uv": [8, 2, 9, 3], "texture": "#1"},
				"up": {"uv": [2.5, 6, 0, 5], "texture": "#1"},
				"down": {"uv": [5, 5, 2.5, 6], "texture": "#1"}
			}
		},
		{
			"from": [-3.72378, 0.9526, 7.5],
			"to": [-2.72378, 3.6026, 8.5],
			"rotation": {"angle": 45, "axis": "z", "origin": [0.91226, 14.65262, 0.5]},
			"faces": {
				"north": {"uv": [4, 10.5, 4.5, 12], "texture": "#1"},
				"east": {"uv": [4.5, 10.5, 5, 12], "texture": "#1"},
				"south": {"uv": [10.5, 5, 11, 6.5], "texture": "#1"},
				"west": {"uv": [6, 10.5, 6.5, 12], "texture": "#1"},
				"up": {"uv": [1, 14.5, 0.5, 14], "texture": "#1"},
				"down": {"uv": [14.5, 0.5, 14, 1], "texture": "#1"}
			}
		},
		{
			"from": [2.5, -15, 8],
			"to": [13.5, 3, 8],
			"faces": {
				"north": {"uv": [0, 0, 7.5, 10.5], "texture": "#2"},
				"east": {"uv": [0, 0, 0, 9], "texture": "#2"},
				"south": {"uv": [7.5, 0, 0, 10.5], "texture": "#2"},
				"west": {"uv": [0, 0, 0, 9], "texture": "#2"},
				"up": {"uv": [5.5, 0, 0, 0], "texture": "#2"},
				"down": {"uv": [5.5, 0, 0, 0], "texture": "#2"}
			}
		},
		{
			"from": [15, 10, 8],
			"to": [19, 20, 8],
			"rotation": {"angle": -45, "axis": "z", "origin": [15, 13, 0]},
			"faces": {
				"north": {"uv": [0, 0, 2, 5], "texture": "#3"},
				"east": {"uv": [0, 0, 0, 5], "texture": "#3"},
				"south": {"uv": [2, 0, 0, 5], "texture": "#3"},
				"west": {"uv": [0, 0, 0, 5], "texture": "#3"},
				"up": {"uv": [0, 0, 2, 0], "texture": "#3"},
				"down": {"uv": [0, 0, 2, 0], "texture": "#3"}
			}
		},
		{
			"from": [10, 5.5, 8],
			"to": [20, 9.5, 8],
			"rotation": {"angle": 22.5, "axis": "z", "origin": [15, 13, 0]},
			"faces": {
				"north": {"uv": [4, 0, 6, 5], "rotation": 270, "texture": "#3"},
				"east": {"uv": [0, 0, 2, 0], "rotation": 90, "texture": "#3"},
				"south": {"uv": [6, 0, 4, 5], "rotation": 90, "texture": "#3"},
				"west": {"uv": [0, 0, 2, 0], "rotation": 90, "texture": "#3"},
				"up": {"uv": [0, 0, 0, 5], "rotation": 90, "texture": "#3"},
				"down": {"uv": [0, 0, 0, 5], "rotation": 90, "texture": "#3"}
			}
		},
		{
			"from": [8, 2.5, 8],
			"to": [18, 6.5, 8],
			"rotation": {"angle": 0, "axis": "y", "origin": [15, 13, 0]},
			"faces": {
				"north": {"uv": [2, 5, 7, 7], "texture": "#3"},
				"east": {"uv": [0, 0, 0, 2], "texture": "#3"},
				"south": {"uv": [7, 5, 2, 7], "texture": "#3"},
				"west": {"uv": [0, 0, 0, 2], "texture": "#3"},
				"up": {"uv": [0, 0, 5, 0], "texture": "#3"},
				"down": {"uv": [0, 0, 5, 0], "texture": "#3"}
			}
		},
		{
			"from": [-3, 10, 8],
			"to": [1, 20, 8],
			"rotation": {"angle": 45, "axis": "z", "origin": [1, 13, 0]},
			"faces": {
				"north": {"uv": [2, 0, 0, 5], "texture": "#3"},
				"east": {"uv": [0, 0, 0, 5], "texture": "#3"},
				"south": {"uv": [0, 0, 2, 5], "texture": "#3"},
				"west": {"uv": [0, 0, 0, 5], "texture": "#3"},
				"up": {"uv": [2, 0, 0, 0], "texture": "#3"},
				"down": {"uv": [2, 0, 0, 0], "texture": "#3"}
			}
		},
		{
			"from": [-4, 5.5, 8],
			"to": [6, 9.5, 8],
			"rotation": {"angle": -22.5, "axis": "z", "origin": [1, 13, 0]},
			"faces": {
				"north": {"uv": [4, 5, 6, 0], "rotation": 270, "texture": "#3"},
				"east": {"uv": [0, 0, 2, 0], "rotation": 90, "texture": "#3"},
				"south": {"uv": [6, 5, 4, 0], "rotation": 90, "texture": "#3"},
				"west": {"uv": [0, 0, 2, 0], "rotation": 90, "texture": "#3"},
				"up": {"uv": [0, 5, 0, 0], "rotation": 90, "texture": "#3"},
				"down": {"uv": [0, 5, 0, 0], "rotation": 90, "texture": "#3"}
			}
		},
		{
			"from": [-2, 2.5, 8],
			"to": [8, 6.5, 8],
			"rotation": {"angle": 0, "axis": "y", "origin": [1, 13, 0]},
			"faces": {
				"north": {"uv": [7, 5, 2, 7], "texture": "#3"},
				"east": {"uv": [0, 0, 0, 2], "texture": "#3"},
				"south": {"uv": [2, 5, 7, 7], "texture": "#3"},
				"west": {"uv": [0, 0, 0, 2], "texture": "#3"},
				"up": {"uv": [5, 0, 0, 0], "texture": "#3"},
				"down": {"uv": [5, 0, 0, 0], "texture": "#3"}
			}
		}
	],
	"display": {
		"thirdperson_righthand": {
			"rotation": [90, 90, 0],
			"translation": [0, -2, 1.75],
			"scale": [0.8, 0.8, 0.8]
		},
		"thirdperson_lefthand": {
			"rotation": [90, 90, 0],
			"translation": [0, -2, 1.75],
			"scale": [0.8, 0.8, 0.8]
		},
		"firstperson_righthand": {
			"rotation": [105, 70, 10],
			"translation": [4, 1, 2.5],
			"scale": [0.9, 0.9, 0.9]
		},
		"firstperson_lefthand": {
			"rotation": [105, 70, 10],
			"translation": [4, 1, 2.5],
			"scale": [0.9, 0.9, 0.9]
		},
		"ground": {
			"rotation": [110, 30, 0],
			"translation": [0, 1.5, 5]
		},
		"gui": {
			"rotation": [-25, -25, 140],
			"translation": [-0.75, -3, 0],
			"scale": [0.7, 0.7, 0.7]
		},
		"head": {
			"rotation": [125, 180, 0]
		},
		"fixed": {
			"rotation": [0, 0, 180],
			"translation": [0, -6, -1]
		}
	},
	"groups": [
		0,
		{
			"name": "coregem",
			"origin": [16, 21.62276, 6.1917],
			"color": 0,
			"children": [1, 2]
		},
		{
			"name": "wings",
			"origin": [0.5, 14.59627, 0.04828],
			"color": 0,
			"children": [3, 4, 5, 6, 7, 8, 9, 10, 11, 12, 13, 14, 15, 16, 17, 18, 19, 20, 21, 22, 23, 24, 25, 26, 27, 28, 29, 30, 31, 32]
		},
		33,
		34,
		35,
		36,
		37,
		38,
		39
	]
}