{
	"credit": "Made with Blockbench by ProbsWinter",
	"textures": {
		"0": "item/nullification",
		"particle": "item/nullification"
	},
	"elements": [
		{
			"from": [5.74317, 1, 7.5],
			"to": [8.74317, 2, 8.5],
			"rotation": {"angle": 22.5, "axis": "z", "origin": [-0.09473, 2.15483, 1]},
			"faces": {
				"north": {"uv": [8, 0, 9.5, 0.5], "texture": "#0"},
				"east": {"uv": [9.5, 5.5, 10, 6], "texture": "#0"},
				"south": {"uv": [8, 0.5, 9.5, 1], "texture": "#0"},
				"west": {"uv": [6, 9.5, 6.5, 10], "texture": "#0"},
				"up": {"uv": [2.5, 8.5, 1, 8], "texture": "#0"},
				"down": {"uv": [9.5, 1, 8, 1.5], "texture": "#0"}
			}
		},
		{
			"from": [1.15588, 0.10563, 7.505],
			"to": [2.15588, 5.10563, 8.495],
			"rotation": {"angle": -22.5, "axis": "z", "origin": [1.09578, -5.88711, 1]},
			"faces": {
				"north": {"uv": [1, 5.5, 1.5, 8], "texture": "#0"},
				"east": {"uv": [1.5, 5.5, 2, 8], "texture": "#0"},
				"south": {"uv": [2, 5.5, 2.5, 8], "texture": "#0"},
				"west": {"uv": [2.5, 5.5, 3, 8], "texture": "#0"},
				"up": {"uv": [10, 6.5, 9.5, 6], "texture": "#0"},
				"down": {"uv": [10, 6.5, 9.5, 7], "texture": "#0"}
			}
		},
		{
			"from": [4.68542, -2.44832, 7.5],
			"to": [6.18542, -0.94832, 8.5],
			"rotation": {"angle": 22.5, "axis": "z", "origin": [1.69268, -4.88822, 1]},
			"faces": {
				"north": {"uv": [7.5, 4.5, 8.5, 5.5], "texture": "#0"},
				"east": {"uv": [1, 8.5, 1.5, 9.5], "texture": "#0"},
				"south": {"uv": [5, 7.5, 6, 8.5], "texture": "#0"},
				"west": {"uv": [1.5, 8.5, 2, 9.5], "texture": "#0"},
				"up": {"uv": [5, 9, 4, 8.5], "texture": "#0"},
				"down": {"uv": [9.5, 4.5, 8.5, 5], "texture": "#0"}
			}
		},
		{
			"from": [-0.75, -0.25, 7.625],
			"to": [2.25, 0.5, 8.375],
			"rotation": {"angle": -45, "axis": "z", "origin": [1.09578, -5.88711, 1]},
			"faces": {
				"north": {"uv": [8, 1.5, 9.5, 2], "texture": "#0"},
				"east": {"uv": [7, 9.5, 7.5, 10], "texture": "#0"},
				"south": {"uv": [8, 2, 9.5, 2.5], "texture": "#0"},
				"west": {"uv": [9.5, 7, 10, 7.5], "texture": "#0"},
				"up": {"uv": [9.5, 3, 8, 2.5], "texture": "#0"},
				"down": {"uv": [9.5, 3, 8, 3.5], "texture": "#0"}
			}
		},
		{
			"from": [5.89798, -2.71723, 7.63],
			"to": [6.42298, -2.19223, 8.37],
			"rotation": {"angle": 0, "axis": "y", "origin": [-0.83491, 4.3241, 0]},
			"faces": {
				"north": {"uv": [7.5, 9.5, 8, 10], "texture": "#0"},
				"east": {"uv": [9.5, 7.5, 10, 8], "texture": "#0"},
				"south": {"uv": [8, 9.5, 8.5, 10], "texture": "#0"},
				"west": {"uv": [9.5, 8, 10, 8.5], "texture": "#0"},
				"up": {"uv": [9, 10, 8.5, 9.5], "texture": "#0"},
				"down": {"uv": [9.5, 9.5, 9, 10], "texture": "#0"}
			}
		},
		{
			"from": [5, 4, 7.25],
			"to": [11, 5, 8.75],
			"faces": {
				"north": {"uv": [0.5, 5, 3.5, 5.5], "texture": "#0"},
				"east": {"uv": [5, 8.5, 6, 9], "texture": "#0"},
				"south": {"uv": [5, 3.5, 8, 4], "texture": "#0"},
				"west": {"uv": [8.5, 5, 9.5, 5.5], "texture": "#0"},
				"up": {"uv": [3, 1, 0, 0], "texture": "#0"},
				"down": {"uv": [3, 1, 0, 2], "texture": "#0"}
			}
		},
		{
			"from": [2.0879, 8.4341, 7],
			"to": [4.0879, 10.4341, 9],
			"rotation": {"angle": -45, "axis": "z", "origin": [-0.66206, 0.93414, -0.75]},
			"faces": {
				"north": {"uv": [6.5, 5.5, 7.5, 6.5], "texture": "#0"},
				"east": {"uv": [6.5, 6.5, 7.5, 7.5], "texture": "#0"},
				"south": {"uv": [7, 0, 8, 1], "texture": "#0"},
				"west": {"uv": [7, 1, 8, 2], "texture": "#0"},
				"up": {"uv": [8, 3, 7, 2], "texture": "#0"},
				"down": {"uv": [5, 7.5, 4, 8.5], "texture": "#0"}
			}
		},
		{
			"from": [7.25683, 1, 7.5],
			"to": [10.25683, 2, 8.5],
			"rotation": {"angle": -22.5, "axis": "z", "origin": [16.09473, 2.15483, 1]},
			"faces": {
				"north": {"uv": [8, 3.5, 9.5, 4], "texture": "#0"},
				"east": {"uv": [9.5, 9.5, 10, 10], "texture": "#0"},
				"south": {"uv": [8, 4, 9.5, 4.5], "texture": "#0"},
				"west": {"uv": [10, 0, 10.5, 0.5], "texture": "#0"},
				"up": {"uv": [9.5, 8, 8, 7.5], "texture": "#0"},
				"down": {"uv": [9.5, 8, 8, 8.5], "texture": "#0"}
			}
		},
		{
			"from": [10.89798, 2.28277, 7.63],
			"to": [11.42298, 2.80777, 8.37],
			"rotation": {"angle": 0, "axis": "y", "origin": [4.16509, 9.3241, 0]},
			"faces": {
				"north": {"uv": [10, 0.5, 10.5, 1], "texture": "#0"},
				"east": {"uv": [10, 1, 10.5, 1.5], "texture": "#0"},
				"south": {"uv": [10, 1.5, 10.5, 2], "texture": "#0"},
				"west": {"uv": [10, 2, 10.5, 2.5], "texture": "#0"},
				"up": {"uv": [3, 10.5, 2.5, 10], "texture": "#0"},
				"down": {"uv": [10.5, 2.5, 10, 3], "texture": "#0"}
			}
		},
		{
			"from": [5.25, 4.75, 7.625],
			"to": [7.25, 5.5, 8.375],
			"rotation": {"angle": -45, "axis": "z", "origin": [6.09578, -0.88711, 1]},
			"faces": {
				"north": {"uv": [8.5, 5.5, 9.5, 6], "texture": "#0"},
				"east": {"uv": [10, 3, 10.5, 3.5], "texture": "#0"},
				"south": {"uv": [6, 8.5, 7, 9], "texture": "#0"},
				"west": {"uv": [10, 3.5, 10.5, 4], "texture": "#0"},
				"up": {"uv": [9.5, 6.5, 8.5, 6], "texture": "#0"},
				"down": {"uv": [9.5, 6.5, 8.5, 7], "texture": "#0"}
			}
		},
		{
			"from": [7, 1.18418, 7.5],
			"to": [9, 3.18418, 8.5],
			"rotation": {"angle": 22.5, "axis": "z", "origin": [-0.66206, 0.93414, -0.75]},
			"faces": {
				"north": {"uv": [7.5, 5.5, 8.5, 6.5], "texture": "#0"},
				"east": {"uv": [2, 8.5, 2.5, 9.5], "texture": "#0"},
				"south": {"uv": [6, 7.5, 7, 8.5], "texture": "#0"},
				"west": {"uv": [7, 8.5, 7.5, 9.5], "texture": "#0"},
				"up": {"uv": [9.5, 7.5, 8.5, 7], "texture": "#0"},
				"down": {"uv": [8.5, 8.5, 7.5, 9], "texture": "#0"}
			}
		},
		{
			"from": [7, 1.18418, 7.5],
			"to": [9, 3.18418, 8.5],
			"rotation": {"angle": -22.5, "axis": "z", "origin": [16.66206, 0.93414, -0.75]},
			"faces": {
				"north": {"uv": [7.5, 6.5, 8.5, 7.5], "texture": "#0"},
				"east": {"uv": [8.5, 8.5, 9, 9.5], "texture": "#0"},
				"south": {"uv": [7, 7.5, 8, 8.5], "texture": "#0"},
				"west": {"uv": [2.5, 9, 3, 10], "texture": "#0"},
				"up": {"uv": [4.5, 9.5, 3.5, 9], "texture": "#0"},
				"down": {"uv": [5.5, 9, 4.5, 9.5], "texture": "#0"}
			}
		},
		{
			"from": [5.5, 6, 7.25],
			"to": [10.5, 7, 8.75],
			"faces": {
				"north": {"uv": [5.5, 3, 8, 3.5], "texture": "#0"},
				"east": {"uv": [5.5, 9, 6.5, 9.5], "texture": "#0"},
				"south": {"uv": [5.5, 4, 8, 4.5], "texture": "#0"},
				"west": {"uv": [7.5, 9, 8.5, 9.5], "texture": "#0"},
				"up": {"uv": [2.5, 3, 0, 2], "texture": "#0"},
				"down": {"uv": [5, 2, 2.5, 3], "texture": "#0"}
			}
		},
		{
			"from": [7.25, 0, 7.25],
			"to": [8.75, 4, 8.75],
			"faces": {
				"north": {"uv": [0, 3, 1, 5], "texture": "#0"},
				"east": {"uv": [3, 0, 4, 2], "texture": "#0"},
				"south": {"uv": [1, 3, 2, 5], "texture": "#0"},
				"west": {"uv": [2, 3, 3, 5], "texture": "#0"},
				"up": {"uv": [6.5, 5.5, 5.5, 4.5], "texture": "#0"},
				"down": {"uv": [6.5, 5.5, 5.5, 6.5], "texture": "#0"}
			}
		},
		{
			"from": [7.5, -2, 7.5],
			"to": [8.5, 0, 8.5],
			"faces": {
				"north": {"uv": [2.5, 8, 3, 9], "texture": "#0"},
				"east": {"uv": [3.5, 8, 4, 9], "texture": "#0"},
				"south": {"uv": [0, 8.5, 0.5, 9.5], "texture": "#0"},
				"west": {"uv": [0.5, 8.5, 1, 9.5], "texture": "#0"},
				"up": {"uv": [5.5, 7.5, 5, 7], "texture": "#0"},
				"down": {"uv": [4.5, 9.5, 4, 10], "texture": "#0"}
			}
		},
		{
			"from": [7.25, -4, 7.25],
			"to": [8.75, -2, 8.75],
			"faces": {
				"north": {"uv": [6, 0, 7, 1], "texture": "#0"},
				"east": {"uv": [6, 1, 7, 2], "texture": "#0"},
				"south": {"uv": [6, 2, 7, 3], "texture": "#0"},
				"west": {"uv": [4, 6.5, 5, 7.5], "texture": "#0"},
				"up": {"uv": [7.5, 5.5, 6.5, 4.5], "texture": "#0"},
				"down": {"uv": [6.5, 6.5, 5.5, 7.5], "texture": "#0"}
			}
		},
		{
			"from": [10.88084, 4.67551, 7.255],
			"to": [11.94084, 5.73551, 8.745],
			"rotation": {"angle": -45, "axis": "z", "origin": [-1.40685, 4.72056, 0]},
			"faces": {
				"north": {"uv": [9.5, 4, 10, 4.5], "texture": "#0"},
				"east": {"uv": [4.5, 9.5, 5, 10], "texture": "#0"},
				"south": {"uv": [9.5, 4.5, 10, 5], "texture": "#0"},
				"west": {"uv": [5, 9.5, 5.5, 10], "texture": "#0"},
				"up": {"uv": [10, 5.5, 9.5, 5], "texture": "#0"},
				"down": {"uv": [6, 9.5, 5.5, 10], "texture": "#0"}
			}
		},
		{
			"from": [7, 7, 7.75],
			"to": [9, 11, 8.25],
			"rotation": {"angle": 0, "axis": "y", "origin": [16, -5, 0]},
			"faces": {
				"north": {"uv": [3, 3, 4, 5], "texture": "#0"},
				"east": {"uv": [3, 5.5, 3.5, 7.5], "texture": "#0"},
				"south": {"uv": [4, 0, 5, 2], "texture": "#0"},
				"west": {"uv": [3, 7.5, 3.5, 9.5], "texture": "#0"},
				"up": {"uv": [10, 9, 9, 8.5], "texture": "#0"},
				"down": {"uv": [10, 9, 9, 9.5], "texture": "#0"}
			}
		},
		{
			"from": [13.57759, 5.02631, 7.755],
			"to": [14.57759, 7.02631, 8.245],
			"rotation": {"angle": 22.5, "axis": "z", "origin": [7.07759, -6.75022, 0]},
			"faces": {
				"north": {"uv": [6.5, 9, 7, 10], "texture": "#0"},
				"east": {"uv": [0, 9.5, 0.5, 10.5], "texture": "#0"},
				"south": {"uv": [9.5, 0, 10, 1], "texture": "#0"},
				"west": {"uv": [0.5, 9.5, 1, 10.5], "texture": "#0"},
				"up": {"uv": [4.5, 10.5, 4, 10], "texture": "#0"},
				"down": {"uv": [10.5, 4, 10, 4.5], "texture": "#0"}
			}
		},
		{
			"from": [8, 11, 7.8125],
			"to": [9, 18, 8.1875],
			"rotation": {"angle": 0, "axis": "y", "origin": [16, -5, 0]},
			"faces": {
				"north": {"uv": [4, 3, 4.5, 6.5], "texture": "#0"},
				"east": {"uv": [4.5, 3, 5, 6.5], "texture": "#0"},
				"south": {"uv": [0, 5, 0.5, 8.5], "texture": "#0"},
				"west": {"uv": [5, 0, 5.5, 3.5], "texture": "#0"},
				"up": {"uv": [5, 10.5, 4.5, 10], "texture": "#0"},
				"down": {"uv": [10.5, 4.5, 10, 5], "texture": "#0"}
			}
		},
		{
			"from": [0.31556, 8.94811, 7.875],
			"to": [1.31556, 10.94811, 8.125],
			"rotation": {"angle": -22.5, "axis": "z", "origin": [8.81556, -6.82842, -0.125]},
			"faces": {
				"north": {"uv": [1, 9.5, 1.5, 10.5], "texture": "#0"},
				"east": {"uv": [9.5, 1, 10, 2], "texture": "#0"},
				"south": {"uv": [1.5, 9.5, 2, 10.5], "texture": "#0"},
				"west": {"uv": [2, 9.5, 2.5, 10.5], "texture": "#0"},
				"up": {"uv": [5.5, 10.5, 5, 10], "texture": "#0"},
				"down": {"uv": [10.5, 5, 10, 5.5], "texture": "#0"}
			}
		},
		{
			"from": [7.76537, 12, 7.9375],
			"to": [8.76537, 18, 8.0625],
			"rotation": {"angle": 0, "axis": "y", "origin": [8.26533, -5.92877, -0.125]},
			"faces": {
				"north": {"uv": [3.5, 5, 4, 8], "texture": "#0"},
				"east": {"uv": [5, 4, 5.5, 7], "texture": "#0"},
				"south": {"uv": [5.5, 0, 6, 3], "texture": "#0"},
				"west": {"uv": [0.5, 5.5, 1, 8.5], "texture": "#0"},
				"up": {"uv": [6, 10.5, 5.5, 10], "texture": "#0"},
				"down": {"uv": [10.5, 5.5, 10, 6], "texture": "#0"}
			}
		},
		{
			"from": [-2.38533, 28.92893, 7.813],
			"to": [-1.67783, 29.63643, 8.183],
			"rotation": {"angle": -45, "axis": "z", "origin": [-10.38533, 10.92893, 0]},
			"faces": {
				"north": {"uv": [6, 10, 6.5, 10.5], "texture": "#0"},
				"east": {"uv": [10, 6, 10.5, 6.5], "texture": "#0"},
				"south": {"uv": [6.5, 10, 7, 10.5], "texture": "#0"},
				"west": {"uv": [10, 6.5, 10.5, 7], "texture": "#0"},
				"up": {"uv": [7.5, 10.5, 7, 10], "texture": "#0"},
				"down": {"uv": [10.5, 7, 10, 7.5], "texture": "#0"}
			}
		},
		{
			"from": [21.10285, 9.26973, 7.938],
			"to": [21.81285, 10.26973, 8.062],
			"rotation": {"angle": 45, "axis": "z", "origin": [5.10285, -1.9649, 0]},
			"faces": {
				"north": {"uv": [7.5, 10, 8, 10.5], "texture": "#0"},
				"east": {"uv": [10, 7.5, 10.5, 8], "texture": "#0"},
				"south": {"uv": [8, 10, 8.5, 10.5], "texture": "#0"},
				"west": {"uv": [10, 8, 10.5, 8.5], "texture": "#0"},
				"up": {"uv": [9, 10.5, 8.5, 10], "texture": "#0"},
				"down": {"uv": [10.5, 8.5, 10, 9], "texture": "#0"}
			}
		},
		{
			"from": [0.5879, 10.9341, 7.5],
			"to": [1.5879, 11.9341, 8.5],
			"rotation": {"angle": -45, "axis": "z", "origin": [-0.66206, 0.93414, -0.75]},
			"faces": {
				"north": {"uv": [9, 10, 9.5, 10.5], "texture": "#0"},
				"east": {"uv": [10, 9, 10.5, 9.5], "texture": "#0"},
				"south": {"uv": [9.5, 10, 10, 10.5], "texture": "#0"},
				"west": {"uv": [10, 9.5, 10.5, 10], "texture": "#0"},
				"up": {"uv": [10.5, 10.5, 10, 10], "texture": "#0"},
				"down": {"uv": [0.5, 10.5, 0, 11], "texture": "#0"}
			}
		},
		{
			"from": [1.42241, 5.02631, 7.755],
			"to": [2.42241, 7.02631, 8.245],
			"rotation": {"angle": -22.5, "axis": "z", "origin": [8.92241, -6.75022, 0]},
			"faces": {
				"north": {"uv": [9.5, 2, 10, 3], "texture": "#0"},
				"east": {"uv": [3, 9.5, 3.5, 10.5], "texture": "#0"},
				"south": {"uv": [9.5, 3, 10, 4], "texture": "#0"},
				"west": {"uv": [3.5, 9.5, 4, 10.5], "texture": "#0"},
				"up": {"uv": [11, 0.5, 10.5, 0], "texture": "#0"},
				"down": {"uv": [1, 10.5, 0.5, 11], "texture": "#0"}
			}
		},
		{
			"from": [8.26741, 17.50204, 7.9375],
			"to": [8.50741, 18.50204, 8.0625],
			"rotation": {"angle": 0, "axis": "y", "origin": [-12.83544, 8.23231, 0]},
			"faces": {
				"north": {"uv": [10.5, 0.5, 11, 1], "texture": "#0"},
				"east": {"uv": [1, 10.5, 1.5, 11], "texture": "#0"},
				"south": {"uv": [10.5, 1, 11, 1.5], "texture": "#0"},
				"west": {"uv": [1.5, 10.5, 2, 11], "texture": "#0"},
				"up": {"uv": [11, 2, 10.5, 1.5], "texture": "#0"},
				"down": {"uv": [2.5, 10.5, 2, 11], "texture": "#0"}
			}
		}
	],
	"display": {
		"thirdperson_righthand": {
			"rotation": [0, -85, 0],
			"translation": [-0.25, 5, 1]
		},
		"thirdperson_lefthand": {
			"rotation": [0, 95, 0],
			"translation": [-0.25, 5, 1]
		},
		"firstperson_righthand": {
			"rotation": [-20, -90, 0],
			"translation": [1.5, 5, 0.5],
			"scale": [0.7, 0.7, 0.7]
		},
		"firstperson_lefthand": {
			"rotation": [-20, 90, 0],
			"translation": [1.5, 5, 0.5],
			"scale": [0.7, 0.7, 0.7]
		},
		"gui": {
			"rotation": [-20, -25, -40],
			"translation": [0.75, 0.75, 0]
		}
	},
	"groups": [
		{
			"name": "guard",
			"origin": [0, 0, 0],
			"color": 0,
			"children": [0, 1, 2, 3, 4, 5, 6, 7, 8, 9, 10, 11, 12]
		},
		{
			"name": "handle",
			"origin": [-1.40685, 4.72056, 0],
			"color": 0,
			"children": [13, 14, 15, 16]
		},
		{
			"name": "blade",
			"origin": [-12.83544, 8.23231, 0],
			"color": 0,
			"children": [17, 18, 19, 20, 21, 22, 23, 24, 25, 26]
		}
	]
}