{
	"credit": "Made with Blockbench by ProbsWinter",
	"texture_size": [32, 32],
	"textures": {
		"1": "item/oblivion"
	},
	"elements": [
		{
			"from": [7, 14.5, 6.5],
			"to": [9, 17.5, 9.5],
			"rotation": {"angle": 0, "axis": "y", "origin": [0, 4, 0]},
			"faces": {
				"north": {"uv": [6, 0, 7, 1.5], "texture": "#1"},
				"east": {"uv": [5, 2.5, 6.5, 4], "texture": "#1"},
				"south": {"uv": [6.5, 1.5, 7.5, 3], "texture": "#1"},
				"west": {"uv": [4, 5, 5.5, 6.5], "texture": "#1"},
				"up": {"uv": [5, 8, 4, 6.5], "texture": "#1"},
				"down": {"uv": [7.5, 5.5, 6.5, 7], "texture": "#1"}
			}
		},
		{
			"from": [7.5, 15, 9],
			"to": [8.5, 17, 11],
			"rotation": {"angle": -45, "axis": "x", "origin": [8, 16, 8]},
			"faces": {
				"north": {"uv": [5, 4, 5.5, 5], "texture": "#1"},
				"east": {"uv": [9, 6, 10, 7], "texture": "#1"},
				"south": {"uv": [6, 1.5, 6.5, 2.5], "texture": "#1"},
				"west": {"uv": [9, 7, 10, 8], "texture": "#1"},
				"up": {"uv": [9, 1, 8.5, 0], "texture": "#1"},
				"down": {"uv": [12.5, 4, 12, 5], "texture": "#1"}
			}
		},
		{
			"from": [7.5, 16, 11],
			"to": [8.5, 17, 14],
			"rotation": {"angle": -45, "axis": "x", "origin": [8, 16, 8]},
			"faces": {
				"north": {"uv": [13.5, 0, 14, 0.5], "texture": "#1"},
				"east": {"uv": [10.5, 4, 12, 4.5], "texture": "#1"},
				"south": {"uv": [0.5, 13.5, 1, 14], "texture": "#1"},
				"west": {"uv": [10.5, 4.5, 12, 5], "texture": "#1"},
				"up": {"uv": [11.5, 6.5, 11, 5], "texture": "#1"},
				"down": {"uv": [11.5, 6.5, 11, 8], "texture": "#1"}
			}
		},
		{
			"from": [7.505, 17.1, 8.84023],
			"to": [8.495, 21.1, 9.84023],
			"rotation": {"angle": 22.5, "axis": "x", "origin": [8, 15.44621, 7.74023]},
			"faces": {
				"north": {"uv": [9, 8, 9.5, 10], "texture": "#1"},
				"east": {"uv": [9.5, 0, 10, 2], "texture": "#1"},
				"south": {"uv": [9.5, 2, 10, 4], "texture": "#1"},
				"west": {"uv": [4, 9.5, 4.5, 11.5], "texture": "#1"},
				"up": {"uv": [13.5, 13.5, 13, 13], "texture": "#1"},
				"down": {"uv": [0.5, 13.5, 0, 14], "texture": "#1"}
			}
		},
		{
			"from": [7.505, 14, 6],
			"to": [8.495, 16, 7],
			"rotation": {"angle": 0, "axis": "y", "origin": [8, 16, 8]},
			"faces": {
				"north": {"uv": [9.5, 12, 10, 13], "texture": "#1"},
				"east": {"uv": [12, 10.5, 12.5, 11.5], "texture": "#1"},
				"south": {"uv": [11.5, 12, 12, 13], "texture": "#1"},
				"west": {"uv": [12, 11.5, 12.5, 12.5], "texture": "#1"},
				"up": {"uv": [7.5, 1.5, 7, 1], "texture": "#1"},
				"down": {"uv": [7.5, 5, 7, 5.5], "texture": "#1"}
			}
		},
		{
			"from": [7.505, 17.4, 8.1],
			"to": [8.495, 18.4, 9.1],
			"rotation": {"angle": 0, "axis": "y", "origin": [8, 16, 8]},
			"faces": {
				"north": {"uv": [13, 11, 13.5, 11.5], "texture": "#1"},
				"east": {"uv": [11.5, 13, 12, 13.5], "texture": "#1"},
				"south": {"uv": [13, 11.5, 13.5, 12], "texture": "#1"},
				"west": {"uv": [13, 12, 13.5, 12.5], "texture": "#1"},
				"up": {"uv": [13, 13.5, 12.5, 13], "texture": "#1"},
				"down": {"uv": [13.5, 12.5, 13, 13], "texture": "#1"}
			}
		},
		{
			"from": [7.505, 13.52513, 4.81802],
			"to": [8.495, 14.23223, 5.52513],
			"rotation": {"angle": 0, "axis": "y", "origin": [-0.005, 3.64645, 2.64645]},
			"faces": {
				"north": {"uv": [12.5, 4.5, 13, 5], "texture": "#1"},
				"east": {"uv": [13, 9, 13.5, 9.5], "texture": "#1"},
				"south": {"uv": [9.5, 13, 10, 13.5], "texture": "#1"},
				"west": {"uv": [13, 9.5, 13.5, 10], "texture": "#1"},
				"up": {"uv": [13.5, 10.5, 13, 10], "texture": "#1"},
				"down": {"uv": [13.5, 10.5, 13, 11], "texture": "#1"}
			}
		},
		{
			"from": [7.5, 7.80594, 1.79852],
			"to": [8.5, 8.51305, 2.50562],
			"rotation": {"angle": 22.5, "axis": "x", "origin": [-0.015, 5.63437, 12.3843]},
			"faces": {
				"north": {"uv": [3.5, 14, 4, 14.5], "texture": "#1"},
				"east": {"uv": [14, 3.5, 14.5, 4], "texture": "#1"},
				"south": {"uv": [4, 14, 4.5, 14.5], "texture": "#1"},
				"west": {"uv": [14, 4, 14.5, 4.5], "texture": "#1"},
				"up": {"uv": [5, 14.5, 4.5, 14], "texture": "#1"},
				"down": {"uv": [14.5, 4.5, 14, 5], "texture": "#1"}
			}
		},
		{
			"from": [7.505, 20.24264, 11.53553],
			"to": [8.495, 20.94975, 12.24264],
			"rotation": {"angle": 0, "axis": "y", "origin": [-0.01, 3.36396, 0.36396]},
			"faces": {
				"north": {"uv": [13.5, 0.5, 14, 1], "texture": "#1"},
				"east": {"uv": [1, 13.5, 1.5, 14], "texture": "#1"},
				"south": {"uv": [13.5, 1, 14, 1.5], "texture": "#1"},
				"west": {"uv": [1.5, 13.5, 2, 14], "texture": "#1"},
				"up": {"uv": [14, 2, 13.5, 1.5], "texture": "#1"},
				"down": {"uv": [14, 2, 13.5, 2.5], "texture": "#1"}
			}
		},
		{
			"from": [7.5, 12.5, 7],
			"to": [8.5, 15.5, 8],
			"rotation": {"angle": 45, "axis": "x", "origin": [8, 16, 8]},
			"faces": {
				"north": {"uv": [0, 11, 0.5, 12.5], "texture": "#1"},
				"east": {"uv": [0.5, 11, 1, 12.5], "texture": "#1"},
				"south": {"uv": [11, 2, 11.5, 3.5], "texture": "#1"},
				"west": {"uv": [2.5, 11, 3, 12.5], "texture": "#1"},
				"up": {"uv": [1.5, 8.5, 1, 8], "texture": "#1"},
				"down": {"uv": [9.5, 2.5, 9, 3], "texture": "#1"}
			}
		},
		{
			"from": [6.5, 15, 7],
			"to": [9.5, 17, 9],
			"rotation": {"angle": 0, "axis": "y", "origin": [0, 4, 0]},
			"faces": {
				"north": {"uv": [6.5, 3, 8, 4], "texture": "#1"},
				"east": {"uv": [8.5, 4, 9.5, 5], "texture": "#1"},
				"south": {"uv": [0, 7, 1.5, 8], "texture": "#1"},
				"west": {"uv": [9, 5, 10, 6], "texture": "#1"},
				"up": {"uv": [8.5, 1, 7, 0], "texture": "#1"},
				"down": {"uv": [8.5, 4, 7, 5], "texture": "#1"}
			}
		},
		{
			"from": [7, 7.5, 5.5],
			"to": [9, 10.5, 8.5],
			"rotation": {"angle": 0, "axis": "y", "origin": [0, 21, -1]},
			"faces": {
				"north": {"uv": [4, 8, 5, 9.5], "texture": "#1"},
				"east": {"uv": [0, 5.5, 1.5, 7], "texture": "#1"},
				"south": {"uv": [6.5, 8, 7.5, 9.5], "texture": "#1"},
				"west": {"uv": [5.5, 4, 7, 5.5], "texture": "#1"},
				"up": {"uv": [9, 8.5, 8, 7], "texture": "#1"},
				"down": {"uv": [2, 8.5, 1, 10], "texture": "#1"}
			}
		},
		{
			"from": [6.5, 8, 6],
			"to": [9.5, 10, 8],
			"rotation": {"angle": 0, "axis": "y", "origin": [0, 21, -1]},
			"faces": {
				"north": {"uv": [7.5, 2, 9, 3], "texture": "#1"},
				"east": {"uv": [10, 5, 11, 6], "texture": "#1"},
				"south": {"uv": [7.5, 5, 9, 6], "texture": "#1"},
				"west": {"uv": [10, 6, 11, 7], "texture": "#1"},
				"up": {"uv": [9, 7, 7.5, 6], "texture": "#1"},
				"down": {"uv": [9.5, 3, 8, 4], "texture": "#1"}
			}
		},
		{
			"from": [7.5, 9.5, 6],
			"to": [8.5, 12.5, 7],
			"rotation": {"angle": -45, "axis": "x", "origin": [8, 9, 7]},
			"faces": {
				"north": {"uv": [7, 11.5, 7.5, 13], "texture": "#1"},
				"east": {"uv": [11.5, 7.5, 12, 9], "texture": "#1"},
				"south": {"uv": [11.5, 9, 12, 10.5], "texture": "#1"},
				"west": {"uv": [11.5, 10.5, 12, 12], "texture": "#1"},
				"up": {"uv": [2.5, 14.5, 2, 14], "texture": "#1"},
				"down": {"uv": [14.5, 2, 14, 2.5], "texture": "#1"}
			}
		},
		{
			"from": [7.495, 9.72343, 4.62249],
			"to": [8.505, 12.72343, 5.62249],
			"rotation": {"angle": -22.5, "axis": "x", "origin": [8, 9.22343, 6.62249]},
			"faces": {
				"north": {"uv": [12, 0, 12.5, 1.5], "texture": "#1"},
				"east": {"uv": [1, 12, 1.5, 13.5], "texture": "#1"},
				"south": {"uv": [1.5, 12, 2, 13.5], "texture": "#1"},
				"west": {"uv": [12, 1.5, 12.5, 3], "texture": "#1"},
				"up": {"uv": [3.5, 14.5, 3, 14], "texture": "#1"},
				"down": {"uv": [14.5, 3, 14, 3.5], "texture": "#1"}
			}
		},
		{
			"from": [7.705, 0.25, 2.55518],
			"to": [8.295, 4.25, 3.55518],
			"rotation": {"angle": -22.5, "axis": "x", "origin": [8.205, 11.31829, 6.07767]},
			"faces": {
				"north": {"uv": [5.5, 10.5, 6, 12.5], "texture": "#1"},
				"east": {"uv": [6, 10.5, 6.5, 12.5], "texture": "#1"},
				"south": {"uv": [10.5, 7, 11, 9], "texture": "#1"},
				"west": {"uv": [10.5, 9, 11, 11], "texture": "#1"},
				"up": {"uv": [6, 14.5, 5.5, 14], "texture": "#1"},
				"down": {"uv": [14.5, 5.5, 14, 6], "texture": "#1"}
			}
		},
		{
			"from": [7.505, 10, 5],
			"to": [8.495, 11, 6],
			"rotation": {"angle": 0, "axis": "y", "origin": [8, 9, 7]},
			"faces": {
				"north": {"uv": [0.5, 14, 1, 14.5], "texture": "#1"},
				"east": {"uv": [14, 0.5, 14.5, 1], "texture": "#1"},
				"south": {"uv": [1, 14, 1.5, 14.5], "texture": "#1"},
				"west": {"uv": [14, 1, 14.5, 1.5], "texture": "#1"},
				"up": {"uv": [2, 14.5, 1.5, 14], "texture": "#1"},
				"down": {"uv": [14.5, 1.5, 14, 2], "texture": "#1"}
			}
		},
		{
			"from": [7.5, 8, 8],
			"to": [8.5, 10, 10],
			"rotation": {"angle": 45, "axis": "x", "origin": [8, 9, 7]},
			"faces": {
				"north": {"uv": [13, 1, 13.5, 2], "texture": "#1"},
				"east": {"uv": [10.5, 0, 11.5, 1], "texture": "#1"},
				"south": {"uv": [2, 13, 2.5, 14], "texture": "#1"},
				"west": {"uv": [10.5, 1, 11.5, 2], "texture": "#1"},
				"up": {"uv": [13.5, 3, 13, 2], "texture": "#1"},
				"down": {"uv": [13.5, 3, 13, 4], "texture": "#1"}
			}
		},
		{
			"from": [7.5025, 6.15, 7.84023],
			"to": [8.4975, 8.15, 8.84023],
			"rotation": {"angle": -22.5, "axis": "x", "origin": [8, 9.55379, 6.74023]},
			"faces": {
				"north": {"uv": [12.5, 11, 13, 12], "texture": "#1"},
				"east": {"uv": [12, 12.5, 12.5, 13.5], "texture": "#1"},
				"south": {"uv": [12.5, 12, 13, 13], "texture": "#1"},
				"west": {"uv": [13, 0, 13.5, 1], "texture": "#1"},
				"up": {"uv": [0.5, 14.5, 0, 14], "texture": "#1"},
				"down": {"uv": [14.5, 0, 14, 0.5], "texture": "#1"}
			}
		},
		{
			"from": [7.5, 9, 10],
			"to": [8.5, 10, 13],
			"rotation": {"angle": 45, "axis": "x", "origin": [8, 9, 7]},
			"faces": {
				"north": {"uv": [13.5, 13, 14, 13.5], "texture": "#1"},
				"east": {"uv": [11.5, 5, 13, 5.5], "texture": "#1"},
				"south": {"uv": [13.5, 13.5, 14, 14], "texture": "#1"},
				"west": {"uv": [11.5, 5.5, 13, 6], "texture": "#1"},
				"up": {"uv": [12, 7.5, 11.5, 6], "texture": "#1"},
				"down": {"uv": [7, 11.5, 6.5, 13], "texture": "#1"}
			}
		},
		{
			"from": [7.505, 4.75736, 11.24264],
			"to": [8.495, 5.46447, 11.94975],
			"rotation": {"angle": 0, "axis": "y", "origin": [-0.015, 22.34315, 0.07107]},
			"faces": {
				"north": {"uv": [13.5, 11.5, 14, 12], "texture": "#1"},
				"east": {"uv": [12, 13.5, 12.5, 14], "texture": "#1"},
				"south": {"uv": [13.5, 12, 14, 12.5], "texture": "#1"},
				"west": {"uv": [12.5, 13.5, 13, 14], "texture": "#1"},
				"up": {"uv": [14, 13, 13.5, 12.5], "texture": "#1"},
				"down": {"uv": [13.5, 13.5, 13, 14], "texture": "#1"}
			}
		},
		{
			"from": [7.505, 6.17157, 8.41421],
			"to": [8.495, 7.17157, 9.81421],
			"rotation": {"angle": 0, "axis": "y", "origin": [7.995, 9.57157, 7.31421]},
			"faces": {
				"north": {"uv": [13.5, 10, 14, 10.5], "texture": "#1"},
				"east": {"uv": [10.5, 13.5, 11, 14], "texture": "#1"},
				"south": {"uv": [13.5, 10.5, 14, 11], "texture": "#1"},
				"west": {"uv": [11, 13.5, 11.5, 14], "texture": "#1"},
				"up": {"uv": [14, 11.5, 13.5, 11], "texture": "#1"},
				"down": {"uv": [12, 13.5, 11.5, 14], "texture": "#1"}
			}
		},
		{
			"from": [7.7, 16, 6.5],
			"to": [8.3, 27, 8.5],
			"rotation": {"angle": 0, "axis": "y", "origin": [0, 4, 0]},
			"faces": {
				"north": {"uv": [2, 3, 2.5, 8.5], "texture": "#1"},
				"east": {"uv": [0, 0, 1, 5.5], "texture": "#1"},
				"south": {"uv": [2.5, 3, 3, 8.5], "texture": "#1"},
				"west": {"uv": [1, 0, 2, 5.5], "texture": "#1"},
				"up": {"uv": [0.5, 13.5, 0, 12.5], "texture": "#1"},
				"down": {"uv": [13, 0, 12.5, 1], "texture": "#1"}
			}
		},
		{
			"from": [12.7, 12.6, 7],
			"to": [13.3, 14.5, 8],
			"rotation": {"angle": 22.5, "axis": "z", "origin": [0, 4, 0]},
			"faces": {
				"north": {"uv": [6, 12.5, 6.5, 13.5], "texture": "#1"},
				"east": {"uv": [12.5, 6, 13, 7], "texture": "#1"},
				"south": {"uv": [12.5, 7, 13, 8], "texture": "#1"},
				"west": {"uv": [7.5, 12.5, 8, 13.5], "texture": "#1"},
				"up": {"uv": [14, 9, 13.5, 8.5], "texture": "#1"},
				"down": {"uv": [9.5, 13.5, 9, 14], "texture": "#1"}
			}
		},
		{
			"from": [2.7, 12.6, 7],
			"to": [3.3, 14.5, 8],
			"rotation": {"angle": -22.5, "axis": "z", "origin": [16, 4, 0]},
			"faces": {
				"north": {"uv": [8, 12.5, 8.5, 13.5], "texture": "#1"},
				"east": {"uv": [12.5, 8, 13, 9], "texture": "#1"},
				"south": {"uv": [8.5, 12.5, 9, 13.5], "texture": "#1"},
				"west": {"uv": [12.5, 9, 13, 10], "texture": "#1"},
				"up": {"uv": [14, 9.5, 13.5, 9], "texture": "#1"},
				"down": {"uv": [10, 13.5, 9.5, 14], "texture": "#1"}
			}
		},
		{
			"from": [7.895, 17.9, 14.5],
			"to": [8.105, 21.9, 16.5],
			"rotation": {"angle": -22.5, "axis": "x", "origin": [0, 4, 0]},
			"faces": {
				"north": {"uv": [1, 10, 1.5, 12], "texture": "#1"},
				"east": {"uv": [3, 5.5, 4, 7.5], "texture": "#1"},
				"south": {"uv": [1.5, 10, 2, 12], "texture": "#1"},
				"west": {"uv": [5.5, 5.5, 6.5, 7.5], "texture": "#1"},
				"up": {"uv": [13, 4.5, 12.5, 3.5], "texture": "#1"},
				"down": {"uv": [5, 12.5, 4.5, 13.5], "texture": "#1"}
			}
		},
		{
			"from": [7.895, 5.1, 9],
			"to": [8.105, 11.1, 11],
			"rotation": {"angle": 22.5, "axis": "x", "origin": [0, 11, 0]},
			"faces": {
				"north": {"uv": [7.5, 8, 8, 11], "texture": "#1"},
				"east": {"uv": [2, 0, 3, 3], "texture": "#1"},
				"south": {"uv": [2, 8.5, 2.5, 11.5], "texture": "#1"},
				"west": {"uv": [3, 0, 4, 3], "texture": "#1"},
				"up": {"uv": [13.5, 6, 13, 5], "texture": "#1"},
				"down": {"uv": [13.5, 6, 13, 7], "texture": "#1"}
			}
		},
		{
			"from": [7.9, 18, 7.5],
			"to": [8.1, 23, 9.5],
			"rotation": {"angle": 0, "axis": "y", "origin": [0, 4, 0]},
			"faces": {
				"north": {"uv": [2.5, 8.5, 3, 11], "texture": "#1"},
				"east": {"uv": [3, 3, 4, 5.5], "texture": "#1"},
				"south": {"uv": [8, 8.5, 8.5, 11], "texture": "#1"},
				"west": {"uv": [4, 0, 5, 2.5], "texture": "#1"},
				"up": {"uv": [5.5, 13.5, 5, 12.5], "texture": "#1"},
				"down": {"uv": [6, 12.5, 5.5, 13.5], "texture": "#1"}
			}
		},
		{
			"from": [7.905, 7.8, 17.2],
			"to": [8.095, 8.8, 18.2],
			"rotation": {"angle": -45, "axis": "x", "origin": [0, 4, 0]},
			"faces": {
				"north": {"uv": [13.5, 7, 14, 7.5], "texture": "#1"},
				"east": {"uv": [7.5, 13.5, 8, 14], "texture": "#1"},
				"south": {"uv": [13.5, 7.5, 14, 8], "texture": "#1"},
				"west": {"uv": [8, 13.5, 8.5, 14], "texture": "#1"},
				"up": {"uv": [14, 8.5, 13.5, 8], "texture": "#1"},
				"down": {"uv": [9, 13.5, 8.5, 14], "texture": "#1"}
			}
		},
		{
			"from": [7.905, -4.2, 4.1],
			"to": [8.095, -3.2, 5.1],
			"rotation": {"angle": -45, "axis": "x", "origin": [0, 3, 0]},
			"faces": {
				"north": {"uv": [8, 14, 8.5, 14.5], "texture": "#1"},
				"east": {"uv": [14, 8, 14.5, 8.5], "texture": "#1"},
				"south": {"uv": [8.5, 14, 9, 14.5], "texture": "#1"},
				"west": {"uv": [14, 8.5, 14.5, 9], "texture": "#1"},
				"up": {"uv": [9.5, 14.5, 9, 14], "texture": "#1"},
				"down": {"uv": [14.5, 9, 14, 9.5], "texture": "#1"}
			}
		},
		{
			"from": [7.695, 15.5, 6],
			"to": [8.305, 17.5, 8],
			"rotation": {"angle": 45, "axis": "x", "origin": [8, 17, 7.5]},
			"faces": {
				"north": {"uv": [0.5, 12.5, 1, 13.5], "texture": "#1"},
				"east": {"uv": [9.5, 4, 10.5, 5], "texture": "#1"},
				"south": {"uv": [12.5, 1, 13, 2], "texture": "#1"},
				"west": {"uv": [4.5, 9.5, 5.5, 10.5], "texture": "#1"},
				"up": {"uv": [13, 3, 12.5, 2], "texture": "#1"},
				"down": {"uv": [3, 12.5, 2.5, 13.5], "texture": "#1"}
			}
		},
		{
			"from": [7.705, 15.54643, 5.68628],
			"to": [8.295, 18.54643, 6.68628],
			"rotation": {"angle": 22.5, "axis": "x", "origin": [8, 17.04643, 9.18628]},
			"faces": {
				"north": {"uv": [7.5, 11, 8, 12.5], "texture": "#1"},
				"east": {"uv": [8, 11, 8.5, 12.5], "texture": "#1"},
				"south": {"uv": [11, 8, 11.5, 9.5], "texture": "#1"},
				"west": {"uv": [8.5, 11, 9, 12.5], "texture": "#1"},
				"up": {"uv": [3, 14, 2.5, 13.5], "texture": "#1"},
				"down": {"uv": [14, 2.5, 13.5, 3], "texture": "#1"}
			}
		},
		{
			"from": [7.695, 25.5, 6],
			"to": [8.305, 27.5, 9],
			"rotation": {"angle": -45, "axis": "x", "origin": [8, 26, 7.5]},
			"faces": {
				"north": {"uv": [3, 12.5, 3.5, 13.5], "texture": "#1"},
				"east": {"uv": [6.5, 7, 8, 8], "texture": "#1"},
				"south": {"uv": [3.5, 12.5, 4, 13.5], "texture": "#1"},
				"west": {"uv": [7.5, 1, 9, 2], "texture": "#1"},
				"up": {"uv": [12, 1.5, 11.5, 0], "texture": "#1"},
				"down": {"uv": [12, 1.5, 11.5, 3], "texture": "#1"}
			}
		},
		{
			"from": [7.695, 26.5, 9],
			"to": [8.305, 27.5, 12],
			"rotation": {"angle": -45, "axis": "x", "origin": [8, 26, 7.5]},
			"faces": {
				"north": {"uv": [13.5, 4.5, 14, 5], "texture": "#1"},
				"east": {"uv": [11, 3.5, 12.5, 4], "texture": "#1"},
				"south": {"uv": [5, 13.5, 5.5, 14], "texture": "#1"},
				"west": {"uv": [11.5, 3, 13, 3.5], "texture": "#1"},
				"up": {"uv": [2.5, 13, 2, 11.5], "texture": "#1"},
				"down": {"uv": [4.5, 11.5, 4, 13], "texture": "#1"}
			}
		},
		{
			"from": [7.7, 29.53553, 9.62132],
			"to": [8.3, 30.24264, 10.32843],
			"rotation": {"angle": 0, "axis": "y", "origin": [8, 28.74264, 5.12132]},
			"faces": {
				"north": {"uv": [13.5, 5, 14, 5.5], "texture": "#1"},
				"east": {"uv": [5.5, 13.5, 6, 14], "texture": "#1"},
				"south": {"uv": [13.5, 5.5, 14, 6], "texture": "#1"},
				"west": {"uv": [6, 13.5, 6.5, 14], "texture": "#1"},
				"up": {"uv": [14, 6.5, 13.5, 6], "texture": "#1"},
				"down": {"uv": [14, 6.5, 13.5, 7], "texture": "#1"}
			}
		},
		{
			"from": [7.705, 24.45357, 5.68628],
			"to": [8.295, 27.45357, 6.68628],
			"rotation": {"angle": -22.5, "axis": "x", "origin": [8, 25.95357, 9.18628]},
			"faces": {
				"north": {"uv": [11, 9.5, 11.5, 11], "texture": "#1"},
				"east": {"uv": [10, 11, 10.5, 12.5], "texture": "#1"},
				"south": {"uv": [10.5, 11, 11, 12.5], "texture": "#1"},
				"west": {"uv": [11, 11, 11.5, 12.5], "texture": "#1"},
				"up": {"uv": [4, 14, 3.5, 13.5], "texture": "#1"},
				"down": {"uv": [14, 3.5, 13.5, 4], "texture": "#1"}
			}
		},
		{
			"from": [7.705, 24.7, 5.97593],
			"to": [8.295, 30.7, 6.97593],
			"rotation": {"angle": 22.5, "axis": "x", "origin": [7.99, 22.24375, 4.88964]},
			"faces": {
				"north": {"uv": [1.5, 5.5, 2, 8.5], "texture": "#1"},
				"east": {"uv": [5, 6.5, 5.5, 9.5], "texture": "#1"},
				"south": {"uv": [3, 7.5, 3.5, 10.5], "texture": "#1"},
				"west": {"uv": [3.5, 7.5, 4, 10.5], "texture": "#1"},
				"up": {"uv": [14, 4.5, 13.5, 4], "texture": "#1"},
				"down": {"uv": [5, 13.5, 4.5, 14], "texture": "#1"}
			}
		},
		{
			"from": [7.7, 2.5, 6],
			"to": [8.3, 7.5, 8],
			"rotation": {"angle": 0, "axis": "y", "origin": [0, 25, -1]},
			"faces": {
				"north": {"uv": [8.5, 8.5, 9, 11], "texture": "#1"},
				"east": {"uv": [4, 2.5, 5, 5], "texture": "#1"},
				"south": {"uv": [9, 0, 9.5, 2.5], "texture": "#1"},
				"west": {"uv": [5, 0, 6, 2.5], "texture": "#1"},
				"up": {"uv": [4.5, 14, 4, 13], "texture": "#1"},
				"down": {"uv": [13.5, 4, 13, 5], "texture": "#1"}
			}
		},
		{
			"from": [7.7, -0.5, 7],
			"to": [8.3, 2.5, 8],
			"rotation": {"angle": 0, "axis": "y", "origin": [0, 25, -1]},
			"faces": {
				"north": {"uv": [12, 6, 12.5, 7.5], "texture": "#1"},
				"east": {"uv": [12, 7.5, 12.5, 9], "texture": "#1"},
				"south": {"uv": [9, 12, 9.5, 13.5], "texture": "#1"},
				"west": {"uv": [12, 9, 12.5, 10.5], "texture": "#1"},
				"up": {"uv": [6.5, 14.5, 6, 14], "texture": "#1"},
				"down": {"uv": [14.5, 6, 14, 6.5], "texture": "#1"}
			}
		},
		{
			"from": [7.705, -14.33274, -7.98097],
			"to": [8.295, -13.33274, -6.98097],
			"rotation": {"angle": -45, "axis": "x", "origin": [0, 11.16726, -15.98097]},
			"faces": {
				"north": {"uv": [6.5, 14, 7, 14.5], "texture": "#1"},
				"east": {"uv": [14, 6.5, 14.5, 7], "texture": "#1"},
				"south": {"uv": [7, 14, 7.5, 14.5], "texture": "#1"},
				"west": {"uv": [14, 7, 14.5, 7.5], "texture": "#1"},
				"up": {"uv": [8, 14.5, 7.5, 14], "texture": "#1"},
				"down": {"uv": [14.5, 7.5, 14, 8], "texture": "#1"}
			}
		},
		{
			"from": [7.71, 17.54643, 5],
			"to": [8.29, 21.54643, 6],
			"rotation": {"angle": 22.5, "axis": "x", "origin": [8, 17.04643, 9.18628]},
			"faces": {
				"north": {"uv": [6.5, 9.5, 7, 11.5], "texture": "#1"},
				"east": {"uv": [7, 9.5, 7.5, 11.5], "texture": "#1"},
				"south": {"uv": [9.5, 8, 10, 10], "texture": "#1"},
				"west": {"uv": [10, 0, 10.5, 2], "texture": "#1"},
				"up": {"uv": [3.5, 14, 3, 13.5], "texture": "#1"},
				"down": {"uv": [14, 3, 13.5, 3.5], "texture": "#1"}
			}
		},
		{
			"from": [7.4, 13, 8],
			"to": [8.6, 15, 10],
			"rotation": {"angle": -45, "axis": "x", "origin": [8, 14, 8]},
			"faces": {
				"north": {"uv": [10, 12.5, 10.5, 13.5], "texture": "#1"},
				"east": {"uv": [10, 2, 11, 3], "texture": "#1"},
				"south": {"uv": [12.5, 10, 13, 11], "texture": "#1"},
				"west": {"uv": [10, 3, 11, 4], "texture": "#1"},
				"up": {"uv": [11, 13.5, 10.5, 12.5], "texture": "#1"},
				"down": {"uv": [11.5, 12.5, 11, 13.5], "texture": "#1"}
			}
		},
		{
			"from": [7.505, 8.5, 7.7],
			"to": [8.495, 14.5, 8.9],
			"rotation": {"angle": 0, "axis": "y", "origin": [8, 15, 8]},
			"faces": {
				"north": {"uv": [5.5, 7.5, 6, 10.5], "texture": "#1"},
				"east": {"uv": [6, 7.5, 6.5, 10.5], "texture": "#1"},
				"south": {"uv": [0, 8, 0.5, 11], "texture": "#1"},
				"west": {"uv": [0.5, 8, 1, 11], "texture": "#1"},
				"up": {"uv": [14, 10, 13.5, 9.5], "texture": "#1"},
				"down": {"uv": [10.5, 13.5, 10, 14], "texture": "#1"}
			}
		},
		{
			"from": [7.51, 11.6718, 8.6767],
			"to": [8.49, 15.4718, 9.6767],
			"rotation": {"angle": 22.5, "axis": "x", "origin": [8.1, 13.97185, 7.9767]},
			"faces": {
				"north": {"uv": [3, 10.5, 3.5, 12.5], "texture": "#1"},
				"east": {"uv": [3.5, 10.5, 4, 12.5], "texture": "#1"},
				"south": {"uv": [4.5, 10.5, 5, 12.5], "texture": "#1"},
				"west": {"uv": [5, 10.5, 5.5, 12.5], "texture": "#1"},
				"up": {"uv": [5.5, 14.5, 5, 14], "texture": "#1"},
				"down": {"uv": [14.5, 5, 14, 5.5], "texture": "#1"}
			}
		},
		{
			"from": [7.515, 8.8, 2.3233],
			"to": [8.485, 10.8, 3.3233],
			"rotation": {"angle": 22.5, "axis": "x", "origin": [8.1, 3.02815, 8.0233]},
			"faces": {
				"north": {"uv": [6.5, 13, 7, 14], "texture": "#1"},
				"east": {"uv": [7, 13, 7.5, 14], "texture": "#1"},
				"south": {"uv": [13, 7, 13.5, 8], "texture": "#1"},
				"west": {"uv": [13, 8, 13.5, 9], "texture": "#1"},
				"up": {"uv": [10, 14.5, 9.5, 14], "texture": "#1"},
				"down": {"uv": [14.5, 9.5, 14, 10], "texture": "#1"}
			}
		},
		{
			"from": [7.51, 10.5, 5.7],
			"to": [8.49, 14.5, 6.7],
			"rotation": {"angle": 0, "axis": "y", "origin": [8, 15, 8]},
			"faces": {
				"north": {"uv": [10, 7, 10.5, 9], "texture": "#1"},
				"east": {"uv": [9, 10, 9.5, 12], "texture": "#1"},
				"south": {"uv": [10, 9, 10.5, 11], "texture": "#1"},
				"west": {"uv": [9.5, 10, 10, 12], "texture": "#1"},
				"up": {"uv": [3, 14.5, 2.5, 14], "texture": "#1"},
				"down": {"uv": [14.5, 2.5, 14, 3], "texture": "#1"}
			}
		}
	],
	"display": {
		"thirdperson_righthand": {
			"rotation": [-10, 10, 5],
			"translation": [0.5, -7.5, 2.5],
			"scale": [1.5, 1.5, 1.5]
		},
		"thirdperson_lefthand": {
			"rotation": [-10, 10, 5],
			"translation": [0.5, -7.5, 2.5],
			"scale": [1.5, 1.5, 1.5]
		},
		"firstperson_righthand": {
			"rotation": [-15, 10, 5],
			"translation": [4.5, 0.5, -0.5],
			"scale": [0.8, 0.9, 0.8]
		},
		"firstperson_lefthand": {
			"rotation": [-15, 10, 5],
			"translation": [4.5, 0.5, -0.5],
			"scale": [0.8, 0.9, 0.8]
		},
		"ground": {
			"rotation": [79, 59, 0],
			"translation": [0, 0, -6.75]
		},
		"gui": {
			"rotation": [50, -55, 85],
			"translation": [4.5, -4.5, 0]
		}
	}
}