{
	"credit": "Made with Blockbench by ProbsWinter",
	"texture_size": [32, 32],
	"textures": {
		"2": "item/quetzflattextures",
		"3": "item/quetzalcoatl"
	},
	"elements": [
		{
			"name": "handle",
			"from": [7.505, -10.84776, 7.73463],
			"to": [8.495, 7.15224, 8.73463],
			"rotation": {"angle": 0, "axis": "y", "origin": [0.005, -9.84776, 1.23463]},
			"faces": {
				"north": {"uv": [15.5, 0, 16, 9], "texture": "#3"},
				"east": {"uv": [15.5, 0, 16, 9], "texture": "#3"},
				"south": {"uv": [15.5, 0, 16, 9], "texture": "#3"},
				"west": {"uv": [15.5, 0, 16, 9], "texture": "#3"},
				"up": {"uv": [16, 9.5, 15.5, 9], "texture": "#3"},
				"down": {"uv": [16, 9, 15.5, 9.5], "texture": "#3"}
			}
		},
		{
			"from": [8, -12.25, 13.25],
			"to": [8, 0.75, 20.25],
			"rotation": {"angle": 22.5, "axis": "x", "origin": [-0.495, 13.15002, 0.75411]},
			"faces": {
				"north": {"uv": [0, 0, 0, 3.25], "texture": "#2"},
				"east": {"uv": [3.5, 3.5, 1.75, 6.75], "texture": "#2"},
				"south": {"uv": [0, 0, 0, 3.25], "texture": "#2"},
				"west": {"uv": [1.75, 3.5, 3.5, 6.75], "texture": "#2"},
				"up": {"uv": [0, 1.75, 0, 0], "texture": "#2"},
				"down": {"uv": [0, 0, 0, 1.75], "texture": "#2"}
			}
		},
		{
			"from": [7.995, -5.76686, 10.02068],
			"to": [8.005, -2.76686, 14.02068],
			"rotation": {"angle": 0, "axis": "y", "origin": [-0.49, 6.63316, -5.47521]},
			"faces": {
				"north": {"uv": [0, 0, 0, 0.75], "texture": "#2"},
				"east": {"uv": [7.5, 2.5, 6.5, 3.25], "texture": "#2"},
				"south": {"uv": [0, 0, 0, 0.75], "texture": "#2"},
				"west": {"uv": [6.5, 2.5, 7.5, 3.25], "texture": "#2"},
				"up": {"uv": [0, 1, 0, 0], "texture": "#2"},
				"down": {"uv": [0, 0, 0, 1], "texture": "#2"}
			}
		},
		{
			"from": [8, -9.64286, 9.44449],
			"to": [8, -6.64286, 12.44449],
			"rotation": {"angle": -22.5, "axis": "x", "origin": [-0.5, -2.24284, -4.0514]},
			"faces": {
				"north": {"uv": [0, 0, 0, 0.75], "texture": "#2"},
				"east": {"uv": [7.25, 6, 6.5, 6.75], "texture": "#2"},
				"south": {"uv": [0, 0, 0, 0.75], "texture": "#2"},
				"west": {"uv": [6.5, 6, 7.25, 6.75], "texture": "#2"},
				"up": {"uv": [0, 0.75, 0, 0], "texture": "#2"},
				"down": {"uv": [0, 0, 0, 0.75], "texture": "#2"}
			}
		},
		{
			"from": [7.995, -14.65542, 11.47156],
			"to": [8.005, -10.65542, 14.47156],
			"rotation": {"angle": -45, "axis": "x", "origin": [-0.485, -9.2554, -4.02433]},
			"faces": {
				"north": {"uv": [0, 0, 0, 1], "texture": "#2"},
				"east": {"uv": [7.25, 4.25, 6.5, 5.25], "texture": "#2"},
				"south": {"uv": [0, 0, 0, 1], "texture": "#2"},
				"west": {"uv": [6.5, 4.25, 7.25, 5.25], "texture": "#2"},
				"up": {"uv": [0, 0.75, 0, 0], "texture": "#2"},
				"down": {"uv": [0, 0, 0, 0.75], "texture": "#2"}
			}
		},
		{
			"from": [8, 1.35714, 4.44449],
			"to": [8, 15.35714, 15.44449],
			"rotation": {"angle": 0, "axis": "y", "origin": [-0.5, -2.24284, -4.0514]},
			"faces": {
				"north": {"uv": [0, 0, 0, 3.5], "texture": "#2"},
				"east": {"uv": [5.5, 0, 2.75, 3.5], "texture": "#2"},
				"south": {"uv": [0, 0, 0, 3.5], "texture": "#2"},
				"west": {"uv": [2.75, 0, 5.5, 3.5], "texture": "#2"},
				"up": {"uv": [0, 2.75, 0, 0], "texture": "#2"},
				"down": {"uv": [0, 0, 0, 2.75], "texture": "#2"}
			}
		},
		{
			"from": [7.5, -9.5866, 11.367],
			"to": [8.5, -5.5866, 12.367],
			"rotation": {"angle": 22.5, "axis": "x", "origin": [0, -0.5866, 3.867]},
			"faces": {
				"north": {"uv": [9, 11.5, 9.5, 13.5], "texture": "#3"},
				"east": {"uv": [4.5, 12, 5, 14], "texture": "#3"},
				"south": {"uv": [5, 12, 5.5, 14], "texture": "#3"},
				"west": {"uv": [7, 12, 7.5, 14], "texture": "#3"},
				"up": {"uv": [9, 2, 8.5, 1.5], "texture": "#3"},
				"down": {"uv": [9.5, 7.5, 9, 8], "texture": "#3"}
			}
		},
		{
			"from": [7.505, -12.66112, 3.2639],
			"to": [8.495, -11.95362, 3.9714],
			"rotation": {"angle": -22.5, "axis": "x", "origin": [-0.005, -1.58661, 4.85049]},
			"faces": {
				"north": {"uv": [10.5, 7, 11, 7.5], "texture": "#3"},
				"east": {"uv": [11, 8.5, 11.5, 9], "texture": "#3"},
				"south": {"uv": [11.5, 4, 12, 4.5], "texture": "#3"},
				"west": {"uv": [11.5, 6.5, 12, 7], "texture": "#3"},
				"up": {"uv": [12, 9, 11.5, 8.5], "texture": "#3"},
				"down": {"uv": [12.5, 5, 12, 5.5], "texture": "#3"}
			}
		},
		{
			"from": [7.3, -4.75, 10.2],
			"to": [8.7, -2.75, 11.6],
			"rotation": {"angle": 0, "axis": "y", "origin": [0, -0.5866, 2.867]},
			"faces": {
				"north": {"uv": [7, 2, 7.5, 3], "texture": "#3"},
				"east": {"uv": [14, 3, 14.5, 4], "texture": "#3"},
				"south": {"uv": [4.5, 14, 5, 15], "texture": "#3"},
				"west": {"uv": [5, 14, 5.5, 15], "texture": "#3"},
				"up": {"uv": [12.5, 10, 12, 9.5], "texture": "#3"},
				"down": {"uv": [13, 5, 12.5, 5.5], "texture": "#3"}
			}
		},
		{
			"from": [7.2, -8.36859, 13.45344],
			"to": [8.8, -6.36859, 15.05344],
			"rotation": {"angle": -22.5, "axis": "x", "origin": [0.2, -14.2401, -0.79656]},
			"faces": {
				"north": {"uv": [12, 7.5, 13, 8.5], "texture": "#3"},
				"east": {"uv": [12, 8.5, 13, 9.5], "texture": "#3"},
				"south": {"uv": [12, 11.5, 13, 12.5], "texture": "#3"},
				"west": {"uv": [1, 12.5, 2, 13.5], "texture": "#3"},
				"up": {"uv": [3, 13.5, 2, 12.5], "texture": "#3"},
				"down": {"uv": [4, 12.5, 3, 13.5], "texture": "#3"}
			}
		},
		{
			"from": [7.1, -1.75, -4.5],
			"to": [8.9, 0.05, -1.5],
			"rotation": {"angle": 45, "axis": "x", "origin": [0, -15.65461, 3.59316]},
			"faces": {
				"north": {"uv": [5.5, 12.5, 6.5, 13.5], "texture": "#3"},
				"east": {"uv": [10.5, 2, 12, 3], "texture": "#3"},
				"south": {"uv": [9.5, 12.5, 10.5, 13.5], "texture": "#3"},
				"west": {"uv": [3, 10.5, 4.5, 11.5], "texture": "#3"},
				"up": {"uv": [11.5, 4.5, 10.5, 3], "texture": "#3"},
				"down": {"uv": [5.5, 10.5, 4.5, 12], "texture": "#3"}
			}
		},
		{
			"from": [7, 4.375, 0.58103],
			"to": [9, 6.375, 3.58103],
			"rotation": {"angle": 22.5, "axis": "x", "origin": [0, -9.97205, -6.41897]},
			"faces": {
				"north": {"uv": [12.5, 9.5, 13.5, 10.5], "texture": "#3"},
				"east": {"uv": [10.5, 4.5, 12, 5.5], "texture": "#3"},
				"south": {"uv": [10.5, 12.5, 11.5, 13.5], "texture": "#3"},
				"west": {"uv": [5.5, 10.5, 7, 11.5], "texture": "#3"},
				"up": {"uv": [11.5, 7, 10.5, 5.5], "texture": "#3"},
				"down": {"uv": [8, 10.5, 7, 12], "texture": "#3"}
			}
		},
		{
			"from": [7.4, -5.5866, 11.267],
			"to": [8.6, -1.5866, 12.467],
			"rotation": {"angle": 22.5, "axis": "x", "origin": [0, -0.5866, 3.867]},
			"faces": {
				"north": {"uv": [7.5, 12, 8, 14], "texture": "#3"},
				"east": {"uv": [4, 12.5, 4.5, 14.5], "texture": "#3"},
				"south": {"uv": [6.5, 12.5, 7, 14.5], "texture": "#3"},
				"west": {"uv": [11.5, 12.5, 12, 14.5], "texture": "#3"},
				"up": {"uv": [13.5, 6.5, 13, 6], "texture": "#3"},
				"down": {"uv": [14, 7, 13.5, 7.5], "texture": "#3"}
			}
		},
		{
			"from": [7.4, -5.75, 9.79029],
			"to": [8.6, -2.55, 10.99029],
			"rotation": {"angle": 0, "axis": "y", "origin": [0, -2.45125, -2.47671]},
			"faces": {
				"north": {"uv": [4, 9, 4.5, 10.5], "texture": "#3"},
				"east": {"uv": [10, 0, 10.5, 1.5], "texture": "#3"},
				"south": {"uv": [11, 13.5, 11.5, 15], "texture": "#3"},
				"west": {"uv": [14, 0, 14.5, 1.5], "texture": "#3"},
				"up": {"uv": [14.5, 2, 14, 1.5], "texture": "#3"},
				"down": {"uv": [14.5, 9, 14, 9.5], "texture": "#3"}
			}
		},
		{
			"from": [6.95, 5.75, -7.41897],
			"to": [9.05, 7.95, -5.41897],
			"rotation": {"angle": 45, "axis": "x", "origin": [0, -9.97205, -6.41897]},
			"faces": {
				"north": {"uv": [12.5, 10.5, 13.5, 11.5], "texture": "#3"},
				"east": {"uv": [12, 12.5, 13, 13.5], "texture": "#3"},
				"south": {"uv": [0, 13, 1, 14], "texture": "#3"},
				"west": {"uv": [13, 0, 14, 1], "texture": "#3"},
				"up": {"uv": [14, 2, 13, 1], "texture": "#3"},
				"down": {"uv": [14, 3, 13, 4], "texture": "#3"}
			}
		},
		{
			"from": [6.9, 1.85223, 3.99109],
			"to": [9.1, 3.85223, 6.19109],
			"rotation": {"angle": 0, "axis": "y", "origin": [0, -0.89777, 0.41006]},
			"faces": {
				"north": {"uv": [13, 5, 14, 6], "texture": "#3"},
				"east": {"uv": [13, 7.5, 14, 8.5], "texture": "#3"},
				"south": {"uv": [8, 13, 9, 14], "texture": "#3"},
				"west": {"uv": [13, 8.5, 14, 9.5], "texture": "#3"},
				"up": {"uv": [14, 12.5, 13, 11.5], "texture": "#3"},
				"down": {"uv": [14, 12.5, 13, 13.5], "texture": "#3"}
			}
		},
		{
			"from": [6.8, 4.85223, 1.8],
			"to": [9.2, 6.85223, 4.2],
			"rotation": {"angle": 22.5, "axis": "x", "origin": [0, -0.89777, 0.41006]},
			"faces": {
				"north": {"uv": [1, 13.5, 2, 14.5], "texture": "#3"},
				"east": {"uv": [2, 13.5, 3, 14.5], "texture": "#3"},
				"south": {"uv": [13.5, 2, 14.5, 3], "texture": "#3"},
				"west": {"uv": [3, 13.5, 4, 14.5], "texture": "#3"},
				"up": {"uv": [14.5, 5, 13.5, 4], "texture": "#3"},
				"down": {"uv": [6.5, 13.5, 5.5, 14.5], "texture": "#3"}
			}
		},
		{
			"from": [6.7, 1.0134, 7.01454],
			"to": [9.3, 3.6134, 12.01454],
			"rotation": {"angle": -22.5, "axis": "x", "origin": [0, -1.29664, 0.26454]},
			"faces": {
				"north": {"uv": [8.5, 0, 10, 1.5], "texture": "#3"},
				"east": {"uv": [4.5, 0, 7, 1.5], "texture": "#3"},
				"south": {"uv": [1, 9, 2.5, 10.5], "texture": "#3"},
				"west": {"uv": [4.5, 1.5, 7, 3], "texture": "#3"},
				"up": {"uv": [6, 5.5, 4.5, 3], "texture": "#3"},
				"down": {"uv": [6, 5.5, 4.5, 8], "texture": "#3"}
			}
		},
		{
			"from": [6.705, 6.83778, 2.3609],
			"to": [9.295, 11.83778, 4.3609],
			"rotation": {"angle": 22.5, "axis": "x", "origin": [-0.1, -2.91222, 0.97096]},
			"faces": {
				"north": {"uv": [6, 3, 7.5, 5.5], "texture": "#3"},
				"east": {"uv": [4.5, 8, 5.5, 10.5], "texture": "#3"},
				"south": {"uv": [6, 5.5, 7.5, 8], "texture": "#3"},
				"west": {"uv": [5.5, 8, 6.5, 10.5], "texture": "#3"},
				"up": {"uv": [9.5, 11.5, 8, 10.5], "texture": "#3"},
				"down": {"uv": [12, 9, 10.5, 10], "texture": "#3"}
			}
		},
		{
			"from": [6.5, 3.0134, 11.01454],
			"to": [9.5, 6.6134, 14.01454],
			"rotation": {"angle": -22.5, "axis": "x", "origin": [0, -1.29664, 0.26454]},
			"faces": {
				"north": {"uv": [7, 0, 8.5, 2], "texture": "#3"},
				"east": {"uv": [7.5, 2, 9, 4], "texture": "#3"},
				"south": {"uv": [7.5, 4, 9, 6], "texture": "#3"},
				"west": {"uv": [7.5, 6, 9, 8], "texture": "#3"},
				"up": {"uv": [10.5, 3, 9, 1.5], "texture": "#3"},
				"down": {"uv": [4, 9, 2.5, 10.5], "texture": "#3"}
			}
		},
		{
			"name": "feathers",
			"from": [3, 8.025, 4.25],
			"to": [13, 8.025, 14.25],
			"rotation": {"angle": 0, "axis": "y", "origin": [0, -1.29664, 0.26454]},
			"faces": {
				"north": {"uv": [0, 0, 4.5, 0], "texture": "#3"},
				"east": {"uv": [0, 0, 4.5, 0], "texture": "#3"},
				"south": {"uv": [0, 0, 4.5, 0], "texture": "#3"},
				"west": {"uv": [0, 0, 4.5, 0], "texture": "#3"},
				"up": {"uv": [4.5, 4.5, 0, 0], "texture": "#3"},
				"down": {"uv": [4.5, 0, 0, 4.5], "texture": "#3"}
			}
		},
		{
			"from": [6.705, 8.14652, 4.87696],
			"to": [9.295, 10.94652, 6.87696],
			"rotation": {"angle": 22.5, "axis": "x", "origin": [-0.1, -1.70349, 1.48701]},
			"faces": {
				"north": {"uv": [9, 3, 10.5, 4.5], "texture": "#3"},
				"east": {"uv": [10.5, 10, 11.5, 11.5], "texture": "#3"},
				"south": {"uv": [9, 4.5, 10.5, 6], "texture": "#3"},
				"west": {"uv": [11, 7, 12, 8.5], "texture": "#3"},
				"up": {"uv": [13, 1, 11.5, 0], "texture": "#3"},
				"down": {"uv": [13, 1, 11.5, 2], "texture": "#3"}
			}
		},
		{
			"from": [6.8, 8.85223, 8.8],
			"to": [9.2, 13.85223, 10.8],
			"rotation": {"angle": 0, "axis": "y", "origin": [0, -0.89777, 0.41006]},
			"faces": {
				"north": {"uv": [6.5, 8, 7.5, 10.5], "texture": "#3"},
				"east": {"uv": [7.5, 8, 8.5, 10.5], "texture": "#3"},
				"south": {"uv": [8.5, 8, 9.5, 10.5], "texture": "#3"},
				"west": {"uv": [0, 9, 1, 11.5], "texture": "#3"},
				"up": {"uv": [14.5, 7, 13.5, 6], "texture": "#3"},
				"down": {"uv": [10, 13.5, 9, 14.5], "texture": "#3"}
			}
		},
		{
			"from": [6.8, 3.5, 9.8],
			"to": [9.2, 7.5, 11.8],
			"rotation": {"angle": -22.5, "axis": "x", "origin": [0, -1.89777, 0.41006]},
			"faces": {
				"north": {"uv": [9.5, 9, 10.5, 11], "texture": "#3"},
				"east": {"uv": [10.5, 0, 11.5, 2], "texture": "#3"},
				"south": {"uv": [1, 10.5, 2, 12.5], "texture": "#3"},
				"west": {"uv": [2, 10.5, 3, 12.5], "texture": "#3"},
				"up": {"uv": [14.5, 10.5, 13.5, 9.5], "texture": "#3"},
				"down": {"uv": [11, 13.5, 10, 14.5], "texture": "#3"}
			}
		},
		{
			"from": [6.7, 5.34208, -0.34853],
			"to": [9.3, 7.34208, 1.65147],
			"rotation": {"angle": 22.5, "axis": "x", "origin": [0.1, -5.04786, 14.04924]},
			"faces": {
				"north": {"uv": [3, 11.5, 4.5, 12.5], "texture": "#3"},
				"east": {"uv": [13.5, 10.5, 14.5, 11.5], "texture": "#3"},
				"south": {"uv": [11.5, 3, 13, 4], "texture": "#3"},
				"west": {"uv": [12, 13.5, 13, 14.5], "texture": "#3"},
				"up": {"uv": [7, 12.5, 5.5, 11.5], "texture": "#3"},
				"down": {"uv": [13, 5.5, 11.5, 6.5], "texture": "#3"}
			}
		},
		{
			"from": [6.8, 7.10685, 9],
			"to": [9.2, 10.10685, 11],
			"rotation": {"angle": -22.5, "axis": "x", "origin": [0.1, -1.29092, -0.73799]},
			"faces": {
				"north": {"uv": [9.5, 11, 10.5, 12.5], "texture": "#3"},
				"east": {"uv": [0, 11.5, 1, 13], "texture": "#3"},
				"south": {"uv": [8, 11.5, 9, 13], "texture": "#3"},
				"west": {"uv": [11.5, 10, 12.5, 11.5], "texture": "#3"},
				"up": {"uv": [14, 14.5, 13, 13.5], "texture": "#3"},
				"down": {"uv": [1, 14, 0, 15], "texture": "#3"}
			}
		},
		{
			"from": [6.6, 13.85223, 8],
			"to": [9.4, 15.85223, 11],
			"rotation": {"angle": 0, "axis": "y", "origin": [0, -0.89777, 0.41006]},
			"faces": {
				"north": {"uv": [10.5, 11.5, 12, 12.5], "texture": "#3"},
				"east": {"uv": [12, 2, 13.5, 3], "texture": "#3"},
				"south": {"uv": [12, 4, 13.5, 5], "texture": "#3"},
				"west": {"uv": [12, 6.5, 13.5, 7.5], "texture": "#3"},
				"up": {"uv": [10.5, 7.5, 9, 6], "texture": "#3"},
				"down": {"uv": [11, 7.5, 9.5, 9], "texture": "#3"}
			}
		},
		{
			"name": "tongue",
			"from": [6.5, 6, 12],
			"to": [9.5, 11, 12],
			"rotation": {"angle": -22.5, "axis": "x", "origin": [0.2, -1.49015, -1.21898]},
			"faces": {
				"north": {"uv": [5.75, 6, 6.5, 7.25], "texture": "#2"},
				"east": {"uv": [0, 0, 0, 1.25], "texture": "#2"},
				"south": {"uv": [5.75, 6, 6.5, 7.25], "texture": "#2"},
				"west": {"uv": [0, 0, 0, 1.25], "texture": "#2"},
				"up": {"uv": [0.75, 0, 0, 0], "texture": "#2"},
				"down": {"uv": [0.75, 0, 0, 0], "texture": "#2"}
			}
		},
		{
			"name": "eye1",
			"from": [11.5, 4, 9],
			"to": [12.5, 6, 10],
			"rotation": {"angle": 22.5, "axis": "z", "origin": [0, 0, 0]},
			"faces": {
				"north": {"uv": [14, 5, 14.5, 6], "texture": "#3"},
				"east": {"uv": [7, 14, 7.5, 15], "texture": "#3"},
				"south": {"uv": [14, 7, 14.5, 8], "texture": "#3"},
				"west": {"uv": [7.5, 14, 8, 15], "texture": "#3"},
				"up": {"uv": [14.5, 13, 14, 12.5], "texture": "#3"},
				"down": {"uv": [14.5, 13, 14, 13.5], "texture": "#3"}
			}
		},
		{
			"name": "eye2",
			"from": [3.5, 4, 9],
			"to": [4.5, 6, 10],
			"rotation": {"angle": -22.5, "axis": "z", "origin": [16, 0, 0]},
			"faces": {
				"north": {"uv": [8, 14, 8.5, 15], "texture": "#3"},
				"east": {"uv": [14, 8, 14.5, 9], "texture": "#3"},
				"south": {"uv": [8.5, 14, 9, 15], "texture": "#3"},
				"west": {"uv": [14, 11.5, 14.5, 12.5], "texture": "#3"},
				"up": {"uv": [14.5, 14, 14, 13.5], "texture": "#3"},
				"down": {"uv": [14.5, 14, 14, 14.5], "texture": "#3"}
			}
		}
	],
	"display": {
		"thirdperson_righthand": {
			"translation": [0, 5.5, 3],
			"scale": [1.5, 1.5, 1.5]
		},
		"thirdperson_lefthand": {
			"translation": [0, 5.5, 3],
			"scale": [1.5, 1.5, 1.5]
		},
		"firstperson_righthand": {
			"rotation": [-35, 20, -10],
			"translation": [2, 7, 0]
		},
		"firstperson_lefthand": {
			"rotation": [-35, 20, -10],
			"translation": [2, 7, 0]
		},
		"gui": {
			"rotation": [45, -120, 70],
			"translation": [2.25, 5, 0],
			"scale": [0.8, 0.8, 0.8]
		}
	},
	"groups": [
		0,
		{
			"name": "scales",
			"origin": [-0.5, -2.24284, -4.0514],
			"color": 0,
			"children": [1, 2, 3, 4, 5]
		},
		{
			"name": "quetzalcoatl",
			"origin": [16, 0, 0],
			"color": 0,
			"children": [6, 7, 8, 9, 10, 11, 12, 13, 14, 15, 16, 17, 18, 19, 20, 21, 22, 23, 24, 25, 26, 27, 28, 29]
		}
	]
}