{
	"credit": "Made with Blockbench by ProbsWinter",
	"texture_size": [32, 32],
	"textures": {
		"1": "item/thrundacrack"
	},
	"elements": [
		{
			"from": [7, 11, 7],
			"to": [9, 18, 9],
			"rotation": {"angle": 0, "axis": "y", "origin": [0, 2, 0]},
			"faces": {
				"north": {"uv": [4, 0, 5, 3.5], "texture": "#1"},
				"east": {"uv": [4, 3.5, 5, 7], "texture": "#1"},
				"south": {"uv": [0, 5, 1, 8.5], "texture": "#1"},
				"west": {"uv": [5, 0, 6, 3.5], "texture": "#1"},
				"up": {"uv": [8.5, 9.5, 7.5, 8.5], "texture": "#1"},
				"down": {"uv": [9.5, 8.5, 8.5, 9.5], "texture": "#1"}
			}
		},
		{
			"from": [6.75, 18, 6.75],
			"to": [9.25, 21, 9.25],
			"rotation": {"angle": 0, "axis": "y", "origin": [0, 14, 0]},
			"faces": {
				"north": {"uv": [6, 0, 7.5, 1.5], "texture": "#1"},
				"east": {"uv": [6, 1.5, 7.5, 3], "texture": "#1"},
				"south": {"uv": [6, 3, 7.5, 4.5], "texture": "#1"},
				"west": {"uv": [6, 4.5, 7.5, 6], "texture": "#1"},
				"up": {"uv": [7.5, 7.5, 6, 6], "texture": "#1"},
				"down": {"uv": [5.5, 7, 4, 8.5], "texture": "#1"}
			}
		},
		{
			"from": [6.75, 14, 6.75],
			"to": [9.25, 15, 9.25],
			"rotation": {"angle": 0, "axis": "y", "origin": [0, 14, 0]},
			"faces": {
				"north": {"uv": [9, 5, 10.5, 5.5], "texture": "#1"},
				"east": {"uv": [9, 5.5, 10.5, 6], "texture": "#1"},
				"south": {"uv": [9.5, 1, 11, 1.5], "texture": "#1"},
				"west": {"uv": [9.5, 1.5, 11, 2], "texture": "#1"},
				"up": {"uv": [9, 4.5, 7.5, 3], "texture": "#1"},
				"down": {"uv": [9, 4.5, 7.5, 6], "texture": "#1"}
			}
		},
		{
			"from": [7.5, 7.82542, 10.9],
			"to": [8.5, 9.82542, 11.9],
			"rotation": {"angle": -45, "axis": "x", "origin": [1, 7.82542, -1.98703]},
			"faces": {
				"north": {"uv": [9.5, 10, 10, 11], "texture": "#1"},
				"east": {"uv": [10, 10, 10.5, 11], "texture": "#1"},
				"south": {"uv": [1, 10.5, 1.5, 11.5], "texture": "#1"},
				"west": {"uv": [1.5, 10.5, 2, 11.5], "texture": "#1"},
				"up": {"uv": [12, 3, 11.5, 2.5], "texture": "#1"},
				"down": {"uv": [3.5, 11.5, 3, 12], "texture": "#1"}
			}
		},
		{
			"from": [7.5, 7.82542, 4.1],
			"to": [8.5, 9.82542, 5.1],
			"rotation": {"angle": 45, "axis": "x", "origin": [1, 7.82542, 17.98703]},
			"faces": {
				"north": {"uv": [6, 10.5, 6.5, 11.5], "texture": "#1"},
				"east": {"uv": [6.5, 10.5, 7, 11.5], "texture": "#1"},
				"south": {"uv": [7, 10.5, 7.5, 11.5], "texture": "#1"},
				"west": {"uv": [7.5, 10.5, 8, 11.5], "texture": "#1"},
				"up": {"uv": [12, 3.5, 11.5, 3], "texture": "#1"},
				"down": {"uv": [4, 11.5, 3.5, 12], "texture": "#1"}
			}
		},
		{
			"from": [3.01495, 15.99242, 7.5],
			"to": [4.01495, 18.99242, 8.5],
			"rotation": {"angle": 22.5, "axis": "z", "origin": [15.4181, 23.87122, 2.255]},
			"faces": {
				"north": {"uv": [9.5, 2, 10, 3.5], "texture": "#1"},
				"east": {"uv": [3, 9.5, 3.5, 11], "texture": "#1"},
				"south": {"uv": [3.5, 9.5, 4, 11], "texture": "#1"},
				"west": {"uv": [4, 9.5, 4.5, 11], "texture": "#1"},
				"up": {"uv": [12, 5, 11.5, 4.5], "texture": "#1"},
				"down": {"uv": [5.5, 11.5, 5, 12], "texture": "#1"}
			}
		},
		{
			"from": [3.72655, 18.89868, 7.505],
			"to": [4.42655, 19.59868, 8.495],
			"rotation": {"angle": -22.5, "axis": "z", "origin": [4.42655, 20.31289, 7.485]},
			"faces": {
				"north": {"uv": [11.5, 1, 12, 1.5], "texture": "#1"},
				"east": {"uv": [1.5, 11.5, 2, 12], "texture": "#1"},
				"south": {"uv": [11.5, 1.5, 12, 2], "texture": "#1"},
				"west": {"uv": [2, 11.5, 2.5, 12], "texture": "#1"},
				"up": {"uv": [12, 2.5, 11.5, 2], "texture": "#1"},
				"down": {"uv": [3, 11.5, 2.5, 12], "texture": "#1"}
			}
		},
		{
			"from": [2.6238, 24.55233, 7.495],
			"to": [3.6238, 25.55233, 8.505],
			"rotation": {"angle": 22.5, "axis": "z", "origin": [17.22065, 24.95547, 1.495]},
			"faces": {
				"north": {"uv": [11, 10.5, 11.5, 11], "texture": "#1"},
				"east": {"uv": [11, 11, 11.5, 11.5], "texture": "#1"},
				"south": {"uv": [11.5, 0, 12, 0.5], "texture": "#1"},
				"west": {"uv": [0.5, 11.5, 1, 12], "texture": "#1"},
				"up": {"uv": [12, 1, 11.5, 0.5], "texture": "#1"},
				"down": {"uv": [1.5, 11.5, 1, 12], "texture": "#1"}
			}
		},
		{
			"from": [10.28656, 12.63536, 7.5],
			"to": [12.28656, 13.63536, 8.5],
			"rotation": {"angle": -45, "axis": "z", "origin": [15.40776, 24.03851, 1.505]},
			"faces": {
				"north": {"uv": [10, 7, 11, 7.5], "texture": "#1"},
				"east": {"uv": [9.5, 11, 10, 11.5], "texture": "#1"},
				"south": {"uv": [10, 7.5, 11, 8], "texture": "#1"},
				"west": {"uv": [10, 11, 10.5, 11.5], "texture": "#1"},
				"up": {"uv": [11, 8.5, 10, 8], "texture": "#1"},
				"down": {"uv": [9.5, 10, 8.5, 10.5], "texture": "#1"}
			}
		},
		{
			"from": [4.5, 19, 7.505],
			"to": [6.5, 20, 8.495],
			"rotation": {"angle": 0, "axis": "y", "origin": [16.12551, 27.34345, 1.5]},
			"faces": {
				"north": {"uv": [10, 2, 11, 2.5], "texture": "#1"},
				"east": {"uv": [11, 8.5, 11.5, 9], "texture": "#1"},
				"south": {"uv": [10, 2.5, 11, 3], "texture": "#1"},
				"west": {"uv": [11, 9, 11.5, 9.5], "texture": "#1"},
				"up": {"uv": [11, 3.5, 10, 3], "texture": "#1"},
				"down": {"uv": [11, 6.5, 10, 7], "texture": "#1"}
			}
		},
		{
			"from": [4, 19, 4],
			"to": [5, 20, 6],
			"rotation": {"angle": 22.5, "axis": "y", "origin": [16.12551, 27.34345, 1.5]},
			"faces": {
				"north": {"uv": [11.5, 3.5, 12, 4], "texture": "#1"},
				"east": {"uv": [10.5, 6, 11.5, 6.5], "texture": "#1"},
				"south": {"uv": [4, 11.5, 4.5, 12], "texture": "#1"},
				"west": {"uv": [8, 10.5, 9, 11], "texture": "#1"},
				"up": {"uv": [11, 9.5, 10.5, 8.5], "texture": "#1"},
				"down": {"uv": [9.5, 10.5, 9, 11.5], "texture": "#1"}
			}
		},
		{
			"from": [4, 19, 10],
			"to": [5, 20, 12],
			"rotation": {"angle": -22.5, "axis": "y", "origin": [16.12551, 27.34345, 14.5]},
			"faces": {
				"north": {"uv": [11.5, 4, 12, 4.5], "texture": "#1"},
				"east": {"uv": [10.5, 9.5, 11.5, 10], "texture": "#1"},
				"south": {"uv": [4.5, 11.5, 5, 12], "texture": "#1"},
				"west": {"uv": [10.5, 10, 11.5, 10.5], "texture": "#1"},
				"up": {"uv": [11, 11.5, 10.5, 10.5], "texture": "#1"},
				"down": {"uv": [0.5, 11, 0, 12], "texture": "#1"}
			}
		},
		{
			"from": [4.02434, 22.9722, 7.495],
			"to": [6.02434, 23.9722, 8.505],
			"rotation": {"angle": 22.5, "axis": "z", "origin": [16.6212, 23.37535, 1.5]},
			"faces": {
				"north": {"uv": [9.5, 9.5, 10.5, 10], "texture": "#1"},
				"east": {"uv": [11, 8, 11.5, 8.5], "texture": "#1"},
				"south": {"uv": [10, 0, 11, 0.5], "texture": "#1"},
				"west": {"uv": [8.5, 11, 9, 11.5], "texture": "#1"},
				"up": {"uv": [11, 1, 10, 0.5], "texture": "#1"},
				"down": {"uv": [2, 10, 1, 10.5], "texture": "#1"}
			}
		},
		{
			"from": [18.12333, 26.62444, 7.505],
			"to": [18.82333, 27.32444, 8.495],
			"rotation": {"angle": 22.5, "axis": "z", "origin": [9.52887, -2.26745, 0]},
			"faces": {
				"north": {"uv": [5, 6.5, 5.5, 7], "texture": "#1"},
				"east": {"uv": [11, 0, 11.5, 0.5], "texture": "#1"},
				"south": {"uv": [0.5, 11, 1, 11.5], "texture": "#1"},
				"west": {"uv": [11, 0.5, 11.5, 1], "texture": "#1"},
				"up": {"uv": [11.5, 1.5, 11, 1], "texture": "#1"},
				"down": {"uv": [11.5, 1.5, 11, 2], "texture": "#1"}
			}
		},
		{
			"from": [6.02434, 16.9722, 7.495],
			"to": [10.02434, 17.9722, 8.505],
			"rotation": {"angle": -22.5, "axis": "z", "origin": [16.6212, 23.37535, 1.5]},
			"faces": {
				"north": {"uv": [8, 7.5, 10, 8], "texture": "#1"},
				"east": {"uv": [11, 2, 11.5, 2.5], "texture": "#1"},
				"south": {"uv": [8, 8, 10, 8.5], "texture": "#1"},
				"west": {"uv": [11, 2.5, 11.5, 3], "texture": "#1"},
				"up": {"uv": [4.5, 9, 2.5, 8.5], "texture": "#1"},
				"down": {"uv": [10.5, 6, 8.5, 6.5], "texture": "#1"}
			}
		},
		{
			"from": [5.52865, 21.28649, 7.505],
			"to": [6.52865, 24.28649, 8.495],
			"rotation": {"angle": 0, "axis": "y", "origin": [16.12551, 27.34345, 1.5]},
			"faces": {
				"north": {"uv": [9, 1, 9.5, 2.5], "texture": "#1"},
				"east": {"uv": [2, 9, 2.5, 10.5], "texture": "#1"},
				"south": {"uv": [2.5, 9, 3, 10.5], "texture": "#1"},
				"west": {"uv": [9, 2.5, 9.5, 4], "texture": "#1"},
				"up": {"uv": [3.5, 11.5, 3, 11], "texture": "#1"},
				"down": {"uv": [11.5, 3, 11, 3.5], "texture": "#1"}
			}
		},
		{
			"from": [9.5, 13.9722, 7.5],
			"to": [12.5, 14.9722, 8.5],
			"rotation": {"angle": -45, "axis": "z", "origin": [15.6212, 23.37535, 1.5]},
			"faces": {
				"north": {"uv": [2.5, 8, 4, 8.5], "texture": "#1"},
				"east": {"uv": [3.5, 11, 4, 11.5], "texture": "#1"},
				"south": {"uv": [3, 9, 4.5, 9.5], "texture": "#1"},
				"west": {"uv": [4, 11, 4.5, 11.5], "texture": "#1"},
				"up": {"uv": [10.5, 4.5, 9, 4], "texture": "#1"},
				"down": {"uv": [10.5, 4.5, 9, 5], "texture": "#1"}
			}
		},
		{
			"from": [6.6312, 22.05041, 7.5],
			"to": [7.6312, 24.05041, 8.5],
			"rotation": {"angle": -22.5, "axis": "z", "origin": [17.22805, 27.45355, 1.5]},
			"faces": {
				"north": {"uv": [5.5, 6.5, 6, 7.5], "texture": "#1"},
				"east": {"uv": [4.5, 9.5, 5, 10.5], "texture": "#1"},
				"south": {"uv": [5, 9.5, 5.5, 10.5], "texture": "#1"},
				"west": {"uv": [6.5, 9.5, 7, 10.5], "texture": "#1"},
				"up": {"uv": [11.5, 5, 11, 4.5], "texture": "#1"},
				"down": {"uv": [5.5, 11, 5, 11.5], "texture": "#1"}
			}
		},
		{
			"from": [16.85663, 24.05083, 7.505],
			"to": [17.85663, 25.55083, 8.495],
			"rotation": {"angle": 22.5, "axis": "z", "origin": [8.26217, -1.84106, 0]},
			"faces": {
				"north": {"uv": [9.5, 6.5, 10, 7.5], "texture": "#1"},
				"east": {"uv": [7, 9.5, 7.5, 10.5], "texture": "#1"},
				"south": {"uv": [7.5, 9.5, 8, 10.5], "texture": "#1"},
				"west": {"uv": [8, 9.5, 8.5, 10.5], "texture": "#1"},
				"up": {"uv": [11.5, 5.5, 11, 5], "texture": "#1"},
				"down": {"uv": [6, 11, 5.5, 11.5], "texture": "#1"}
			}
		},
		{
			"from": [6.40075, 21.89189, 7.5],
			"to": [8.40075, 22.89189, 8.5],
			"rotation": {"angle": -22.5, "axis": "z", "origin": [14.99761, 27.29504, 1.5]},
			"faces": {
				"north": {"uv": [9.5, 3.5, 10.5, 4], "texture": "#1"},
				"east": {"uv": [11, 6.5, 11.5, 7], "texture": "#1"},
				"south": {"uv": [8.5, 9.5, 9.5, 10], "texture": "#1"},
				"west": {"uv": [11, 7, 11.5, 7.5], "texture": "#1"},
				"up": {"uv": [10.5, 9, 9.5, 8.5], "texture": "#1"},
				"down": {"uv": [10.5, 9, 9.5, 9.5], "texture": "#1"}
			}
		},
		{
			"from": [6.02434, 17.9722, 7.5],
			"to": [7.02434, 20.9722, 8.5],
			"rotation": {"angle": -22.5, "axis": "z", "origin": [16.6212, 23.37535, 1.5]},
			"faces": {
				"north": {"uv": [5.5, 9, 6, 10.5], "texture": "#1"},
				"east": {"uv": [6, 9, 6.5, 10.5], "texture": "#1"},
				"south": {"uv": [0, 9.5, 0.5, 11], "texture": "#1"},
				"west": {"uv": [0.5, 9.5, 1, 11], "texture": "#1"},
				"up": {"uv": [11.5, 8, 11, 7.5], "texture": "#1"},
				"down": {"uv": [8.5, 11, 8, 11.5], "texture": "#1"}
			}
		},
		{
			"from": [-2.82333, 26.62444, 7.505],
			"to": [-2.12333, 27.32444, 8.495],
			"rotation": {"angle": -22.5, "axis": "z", "origin": [6.47113, -2.26745, 0]},
			"faces": {
				"north": {"uv": [5.5, 6.5, 5, 7], "texture": "#1"},
				"east": {"uv": [11.5, 0.5, 11, 1], "texture": "#1"},
				"south": {"uv": [1, 11, 0.5, 11.5], "texture": "#1"},
				"west": {"uv": [11.5, 0, 11, 0.5], "texture": "#1"},
				"up": {"uv": [11, 1.5, 11.5, 1], "texture": "#1"},
				"down": {"uv": [11, 1.5, 11.5, 2], "texture": "#1"}
			}
		},
		{
			"from": [5.97566, 16.9722, 7.495],
			"to": [9.97566, 17.9722, 8.505],
			"rotation": {"angle": 22.5, "axis": "z", "origin": [-0.6212, 23.37535, 1.5]},
			"faces": {
				"north": {"uv": [10, 7.5, 8, 8], "texture": "#1"},
				"east": {"uv": [11.5, 2.5, 11, 3], "texture": "#1"},
				"south": {"uv": [10, 8, 8, 8.5], "texture": "#1"},
				"west": {"uv": [11.5, 2, 11, 2.5], "texture": "#1"},
				"up": {"uv": [2.5, 9, 4.5, 8.5], "texture": "#1"},
				"down": {"uv": [8.5, 6, 10.5, 6.5], "texture": "#1"}
			}
		},
		{
			"from": [9.47135, 21.28649, 7.505],
			"to": [10.47135, 24.28649, 8.495],
			"rotation": {"angle": 0, "axis": "y", "origin": [-0.12551, 27.34345, 1.5]},
			"faces": {
				"north": {"uv": [9.5, 1, 9, 2.5], "texture": "#1"},
				"east": {"uv": [9.5, 2.5, 9, 4], "texture": "#1"},
				"south": {"uv": [3, 9, 2.5, 10.5], "texture": "#1"},
				"west": {"uv": [2.5, 9, 2, 10.5], "texture": "#1"},
				"up": {"uv": [3, 11.5, 3.5, 11], "texture": "#1"},
				"down": {"uv": [11, 3, 11.5, 3.5], "texture": "#1"}
			}
		},
		{
			"from": [3.5, 13.9722, 7.5],
			"to": [6.5, 14.9722, 8.5],
			"rotation": {"angle": 45, "axis": "z", "origin": [0.3788, 23.37535, 1.5]},
			"faces": {
				"north": {"uv": [4, 8, 2.5, 8.5], "texture": "#1"},
				"east": {"uv": [4.5, 11, 4, 11.5], "texture": "#1"},
				"south": {"uv": [4.5, 9, 3, 9.5], "texture": "#1"},
				"west": {"uv": [4, 11, 3.5, 11.5], "texture": "#1"},
				"up": {"uv": [9, 4.5, 10.5, 4], "texture": "#1"},
				"down": {"uv": [9, 4.5, 10.5, 5], "texture": "#1"}
			}
		},
		{
			"from": [8.3688, 22.05041, 7.5],
			"to": [9.3688, 24.05041, 8.5],
			"rotation": {"angle": 22.5, "axis": "z", "origin": [-1.22805, 27.45355, 1.5]},
			"faces": {
				"north": {"uv": [6, 6.5, 5.5, 7.5], "texture": "#1"},
				"east": {"uv": [7, 9.5, 6.5, 10.5], "texture": "#1"},
				"south": {"uv": [5.5, 9.5, 5, 10.5], "texture": "#1"},
				"west": {"uv": [5, 9.5, 4.5, 10.5], "texture": "#1"},
				"up": {"uv": [11, 5, 11.5, 4.5], "texture": "#1"},
				"down": {"uv": [5, 11, 5.5, 11.5], "texture": "#1"}
			}
		},
		{
			"from": [-1.85663, 24.05083, 7.505],
			"to": [-0.85663, 25.55083, 8.495],
			"rotation": {"angle": -22.5, "axis": "z", "origin": [7.73783, -1.84106, 0]},
			"faces": {
				"north": {"uv": [10, 6.5, 9.5, 7.5], "texture": "#1"},
				"east": {"uv": [8.5, 9.5, 8, 10.5], "texture": "#1"},
				"south": {"uv": [8, 9.5, 7.5, 10.5], "texture": "#1"},
				"west": {"uv": [7.5, 9.5, 7, 10.5], "texture": "#1"},
				"up": {"uv": [11, 5.5, 11.5, 5], "texture": "#1"},
				"down": {"uv": [5.5, 11, 6, 11.5], "texture": "#1"}
			}
		},
		{
			"from": [7.59925, 21.89189, 7.5],
			"to": [9.59925, 22.89189, 8.5],
			"rotation": {"angle": 22.5, "axis": "z", "origin": [1.00239, 27.29504, 1.5]},
			"faces": {
				"north": {"uv": [10.5, 3.5, 9.5, 4], "texture": "#1"},
				"east": {"uv": [11.5, 7, 11, 7.5], "texture": "#1"},
				"south": {"uv": [9.5, 9.5, 8.5, 10], "texture": "#1"},
				"west": {"uv": [11.5, 6.5, 11, 7], "texture": "#1"},
				"up": {"uv": [9.5, 9, 10.5, 8.5], "texture": "#1"},
				"down": {"uv": [9.5, 9, 10.5, 9.5], "texture": "#1"}
			}
		},
		{
			"from": [8.97566, 17.9722, 7.5],
			"to": [9.97566, 20.9722, 8.5],
			"rotation": {"angle": 22.5, "axis": "z", "origin": [-0.6212, 23.37535, 1.5]},
			"faces": {
				"north": {"uv": [6, 9, 5.5, 10.5], "texture": "#1"},
				"east": {"uv": [1, 9.5, 0.5, 11], "texture": "#1"},
				"south": {"uv": [0.5, 9.5, 0, 11], "texture": "#1"},
				"west": {"uv": [6.5, 9, 6, 10.5], "texture": "#1"},
				"up": {"uv": [11, 8, 11.5, 7.5], "texture": "#1"},
				"down": {"uv": [8, 11, 8.5, 11.5], "texture": "#1"}
			}
		},
		{
			"from": [9.97566, 22.9722, 7.495],
			"to": [11.97566, 23.9722, 8.505],
			"rotation": {"angle": -22.5, "axis": "z", "origin": [-0.6212, 23.37535, 1.5]},
			"faces": {
				"north": {"uv": [10.5, 9.5, 9.5, 10], "texture": "#1"},
				"east": {"uv": [9, 11, 8.5, 11.5], "texture": "#1"},
				"south": {"uv": [11, 0, 10, 0.5], "texture": "#1"},
				"west": {"uv": [11.5, 8, 11, 8.5], "texture": "#1"},
				"up": {"uv": [10, 1, 11, 0.5], "texture": "#1"},
				"down": {"uv": [1, 10, 2, 10.5], "texture": "#1"}
			}
		},
		{
			"from": [9.5, 19, 7.505],
			"to": [11.5, 20, 8.495],
			"rotation": {"angle": 0, "axis": "y", "origin": [-0.12551, 27.34345, 1.5]},
			"faces": {
				"north": {"uv": [11, 2, 10, 2.5], "texture": "#1"},
				"east": {"uv": [11.5, 9, 11, 9.5], "texture": "#1"},
				"south": {"uv": [11, 2.5, 10, 3], "texture": "#1"},
				"west": {"uv": [11.5, 8.5, 11, 9], "texture": "#1"},
				"up": {"uv": [10, 3.5, 11, 3], "texture": "#1"},
				"down": {"uv": [10, 6.5, 11, 7], "texture": "#1"}
			}
		},
		{
			"from": [3.71344, 12.63536, 7.5],
			"to": [5.71344, 13.63536, 8.5],
			"rotation": {"angle": 45, "axis": "z", "origin": [0.59224, 24.03851, 1.505]},
			"faces": {
				"north": {"uv": [11, 7, 10, 7.5], "texture": "#1"},
				"east": {"uv": [10.5, 11, 10, 11.5], "texture": "#1"},
				"south": {"uv": [11, 7.5, 10, 8], "texture": "#1"},
				"west": {"uv": [10, 11, 9.5, 11.5], "texture": "#1"},
				"up": {"uv": [10, 8.5, 11, 8], "texture": "#1"},
				"down": {"uv": [8.5, 10, 9.5, 10.5], "texture": "#1"}
			}
		},
		{
			"from": [12.3762, 24.55233, 7.495],
			"to": [13.3762, 25.55233, 8.505],
			"rotation": {"angle": -22.5, "axis": "z", "origin": [-1.22065, 24.95547, 1.495]},
			"faces": {
				"north": {"uv": [11.5, 10.5, 11, 11], "texture": "#1"},
				"east": {"uv": [1, 11.5, 0.5, 12], "texture": "#1"},
				"south": {"uv": [12, 0, 11.5, 0.5], "texture": "#1"},
				"west": {"uv": [11.5, 11, 11, 11.5], "texture": "#1"},
				"up": {"uv": [11.5, 1, 12, 0.5], "texture": "#1"},
				"down": {"uv": [1, 11.5, 1.5, 12], "texture": "#1"}
			}
		},
		{
			"from": [11.57345, 18.89868, 7.505],
			"to": [12.27345, 19.59868, 8.495],
			"rotation": {"angle": 22.5, "axis": "z", "origin": [11.57345, 20.31289, 7.485]},
			"faces": {
				"north": {"uv": [12, 1, 11.5, 1.5], "texture": "#1"},
				"east": {"uv": [2.5, 11.5, 2, 12], "texture": "#1"},
				"south": {"uv": [12, 1.5, 11.5, 2], "texture": "#1"},
				"west": {"uv": [2, 11.5, 1.5, 12], "texture": "#1"},
				"up": {"uv": [11.5, 2.5, 12, 2], "texture": "#1"},
				"down": {"uv": [2.5, 11.5, 3, 12], "texture": "#1"}
			}
		},
		{
			"from": [11, 19, 4],
			"to": [12, 20, 6],
			"rotation": {"angle": -22.5, "axis": "y", "origin": [-0.12551, 27.34345, 1.5]},
			"faces": {
				"north": {"uv": [12, 3.5, 11.5, 4], "texture": "#1"},
				"east": {"uv": [9, 10.5, 8, 11], "texture": "#1"},
				"south": {"uv": [4.5, 11.5, 4, 12], "texture": "#1"},
				"west": {"uv": [11.5, 6, 10.5, 6.5], "texture": "#1"},
				"up": {"uv": [10.5, 9.5, 11, 8.5], "texture": "#1"},
				"down": {"uv": [9, 10.5, 9.5, 11.5], "texture": "#1"}
			}
		},
		{
			"from": [11, 19, 10],
			"to": [12, 20, 12],
			"rotation": {"angle": 22.5, "axis": "y", "origin": [-0.12551, 27.34345, 14.5]},
			"faces": {
				"north": {"uv": [12, 4, 11.5, 4.5], "texture": "#1"},
				"east": {"uv": [11.5, 10, 10.5, 10.5], "texture": "#1"},
				"south": {"uv": [5, 11.5, 4.5, 12], "texture": "#1"},
				"west": {"uv": [11.5, 9.5, 10.5, 10], "texture": "#1"},
				"up": {"uv": [10.5, 11.5, 11, 10.5], "texture": "#1"},
				"down": {"uv": [0, 11, 0.5, 12], "texture": "#1"}
			}
		},
		{
			"from": [11.98505, 15.99242, 7.5],
			"to": [12.98505, 18.99242, 8.5],
			"rotation": {"angle": -22.5, "axis": "z", "origin": [0.5819, 23.87122, 2.255]},
			"faces": {
				"north": {"uv": [10, 2, 9.5, 3.5], "texture": "#1"},
				"east": {"uv": [4.5, 9.5, 4, 11], "texture": "#1"},
				"south": {"uv": [4, 9.5, 3.5, 11], "texture": "#1"},
				"west": {"uv": [3.5, 9.5, 3, 11], "texture": "#1"},
				"up": {"uv": [11.5, 5, 12, 4.5], "texture": "#1"},
				"down": {"uv": [5, 11.5, 5.5, 12], "texture": "#1"}
			}
		},
		{
			"from": [7.94, 14.94, 7],
			"to": [10.94, 17.94, 9],
			"rotation": {"angle": 45, "axis": "z", "origin": [2.34315, 17.34315, 0]},
			"faces": {
				"north": {"uv": [7.5, 0, 9, 1.5], "texture": "#1"},
				"east": {"uv": [5.5, 7.5, 6.5, 9], "texture": "#1"},
				"south": {"uv": [7.5, 1.5, 9, 3], "texture": "#1"},
				"west": {"uv": [7.5, 6, 8.5, 7.5], "texture": "#1"},
				"up": {"uv": [8, 8.5, 6.5, 7.5], "texture": "#1"},
				"down": {"uv": [2.5, 8, 1, 9], "texture": "#1"}
			}
		},
		{
			"from": [6.9, 18.5934, 5.9588],
			"to": [8.9, 20.5934, 6.9588],
			"rotation": {"angle": 45, "axis": "z", "origin": [8, 19.6934, 6]},
			"faces": {
				"north": {"uv": [0, 8.5, 1, 9.5], "texture": "#1"},
				"east": {"uv": [2, 10.5, 2.5, 11.5], "texture": "#1"},
				"south": {"uv": [4.5, 8.5, 5.5, 9.5], "texture": "#1"},
				"west": {"uv": [2.5, 10.5, 3, 11.5], "texture": "#1"},
				"up": {"uv": [11.5, 4, 10.5, 3.5], "texture": "#1"},
				"down": {"uv": [11.5, 4, 10.5, 4.5], "texture": "#1"}
			}
		},
		{
			"from": [6.9, 18.5934, 9.0412],
			"to": [8.9, 20.5934, 10.0412],
			"rotation": {"angle": 45, "axis": "z", "origin": [8, 19.6934, 10]},
			"faces": {
				"north": {"uv": [6.5, 8.5, 7.5, 9.5], "texture": "#1"},
				"east": {"uv": [4.5, 10.5, 5, 11.5], "texture": "#1"},
				"south": {"uv": [8.5, 6.5, 9.5, 7.5], "texture": "#1"},
				"west": {"uv": [10.5, 4.5, 11, 5.5], "texture": "#1"},
				"up": {"uv": [6, 11, 5, 10.5], "texture": "#1"},
				"down": {"uv": [11.5, 5.5, 10.5, 6], "texture": "#1"}
			}
		},
		{
			"from": [6.75, -5, 6.75],
			"to": [9.25, -2, 9.25],
			"rotation": {"angle": 0, "axis": "y", "origin": [0, 2, 0]},
			"faces": {
				"north": {"uv": [6, 1.5, 7.5, 0], "texture": "#1"},
				"east": {"uv": [6, 3, 7.5, 1.5], "texture": "#1"},
				"south": {"uv": [6, 4.5, 7.5, 3], "texture": "#1"},
				"west": {"uv": [6, 6, 7.5, 4.5], "texture": "#1"},
				"up": {"uv": [5.5, 8.5, 4, 7], "texture": "#1"},
				"down": {"uv": [7.5, 6, 6, 7.5], "texture": "#1"}
			}
		},
		{
			"from": [7.94, -1.94, 7],
			"to": [10.94, 1.06, 9],
			"rotation": {"angle": -45, "axis": "z", "origin": [2.34315, -1.34315, 0]},
			"faces": {
				"north": {"uv": [7.5, 1.5, 9, 0], "texture": "#1"},
				"east": {"uv": [5.5, 9, 6.5, 7.5], "texture": "#1"},
				"south": {"uv": [7.5, 3, 9, 1.5], "texture": "#1"},
				"west": {"uv": [7.5, 7.5, 8.5, 6], "texture": "#1"},
				"up": {"uv": [2.5, 9, 1, 8], "texture": "#1"},
				"down": {"uv": [8, 7.5, 6.5, 8.5], "texture": "#1"}
			}
		},
		{
			"from": [18.12333, -11.32444, 7.505],
			"to": [18.82333, -10.62444, 8.495],
			"rotation": {"angle": -22.5, "axis": "z", "origin": [9.52887, 18.26745, 0]},
			"faces": {
				"north": {"uv": [5, 7, 5.5, 6.5], "texture": "#1"},
				"east": {"uv": [11, 0.5, 11.5, 0], "texture": "#1"},
				"south": {"uv": [0.5, 11.5, 1, 11], "texture": "#1"},
				"west": {"uv": [11, 1, 11.5, 0.5], "texture": "#1"},
				"up": {"uv": [11.5, 2, 11, 1.5], "texture": "#1"},
				"down": {"uv": [11.5, 1, 11, 1.5], "texture": "#1"}
			}
		},
		{
			"from": [6.02434, -1.9722, 7.495],
			"to": [10.02434, -0.9722, 8.505],
			"rotation": {"angle": 22.5, "axis": "z", "origin": [16.6212, -7.37535, 1.5]},
			"faces": {
				"north": {"uv": [8, 8, 10, 7.5], "texture": "#1"},
				"east": {"uv": [11, 2.5, 11.5, 2], "texture": "#1"},
				"south": {"uv": [8, 8.5, 10, 8], "texture": "#1"},
				"west": {"uv": [11, 3, 11.5, 2.5], "texture": "#1"},
				"up": {"uv": [10.5, 6.5, 8.5, 6], "texture": "#1"},
				"down": {"uv": [4.5, 8.5, 2.5, 9], "texture": "#1"}
			}
		},
		{
			"from": [5.52865, -8.28649, 7.505],
			"to": [6.52865, -5.28649, 8.495],
			"rotation": {"angle": 0, "axis": "y", "origin": [16.12551, -11.34345, 1.5]},
			"faces": {
				"north": {"uv": [9, 2.5, 9.5, 1], "texture": "#1"},
				"east": {"uv": [2, 10.5, 2.5, 9], "texture": "#1"},
				"south": {"uv": [2.5, 10.5, 3, 9], "texture": "#1"},
				"west": {"uv": [9, 4, 9.5, 2.5], "texture": "#1"},
				"up": {"uv": [11.5, 3.5, 11, 3], "texture": "#1"},
				"down": {"uv": [3.5, 11, 3, 11.5], "texture": "#1"}
			}
		},
		{
			"from": [9.5, 1.0278, 7.5],
			"to": [12.5, 2.0278, 8.5],
			"rotation": {"angle": 45, "axis": "z", "origin": [15.6212, -7.37535, 1.5]},
			"faces": {
				"north": {"uv": [2.5, 8.5, 4, 8], "texture": "#1"},
				"east": {"uv": [3.5, 11.5, 4, 11], "texture": "#1"},
				"south": {"uv": [3, 9.5, 4.5, 9], "texture": "#1"},
				"west": {"uv": [4, 11.5, 4.5, 11], "texture": "#1"},
				"up": {"uv": [10.5, 5, 9, 4.5], "texture": "#1"},
				"down": {"uv": [10.5, 4, 9, 4.5], "texture": "#1"}
			}
		},
		{
			"from": [6.6312, -8.05041, 7.5],
			"to": [7.6312, -6.05041, 8.5],
			"rotation": {"angle": 22.5, "axis": "z", "origin": [17.22805, -11.45355, 1.5]},
			"faces": {
				"north": {"uv": [5.5, 7.5, 6, 6.5], "texture": "#1"},
				"east": {"uv": [4.5, 10.5, 5, 9.5], "texture": "#1"},
				"south": {"uv": [5, 10.5, 5.5, 9.5], "texture": "#1"},
				"west": {"uv": [6.5, 10.5, 7, 9.5], "texture": "#1"},
				"up": {"uv": [5.5, 11.5, 5, 11], "texture": "#1"},
				"down": {"uv": [11.5, 4.5, 11, 5], "texture": "#1"}
			}
		},
		{
			"from": [16.85663, -9.55083, 7.505],
			"to": [17.85663, -8.05083, 8.495],
			"rotation": {"angle": -22.5, "axis": "z", "origin": [8.26217, 17.84106, 0]},
			"faces": {
				"north": {"uv": [9.5, 7.5, 10, 6.5], "texture": "#1"},
				"east": {"uv": [7, 10.5, 7.5, 9.5], "texture": "#1"},
				"south": {"uv": [7.5, 10.5, 8, 9.5], "texture": "#1"},
				"west": {"uv": [8, 10.5, 8.5, 9.5], "texture": "#1"},
				"up": {"uv": [6, 11.5, 5.5, 11], "texture": "#1"},
				"down": {"uv": [11.5, 5, 11, 5.5], "texture": "#1"}
			}
		},
		{
			"from": [6.40075, -6.89189, 7.5],
			"to": [8.40075, -5.89189, 8.5],
			"rotation": {"angle": 22.5, "axis": "z", "origin": [14.99761, -11.29504, 1.5]},
			"faces": {
				"north": {"uv": [9.5, 4, 10.5, 3.5], "texture": "#1"},
				"east": {"uv": [11, 7, 11.5, 6.5], "texture": "#1"},
				"south": {"uv": [8.5, 10, 9.5, 9.5], "texture": "#1"},
				"west": {"uv": [11, 7.5, 11.5, 7], "texture": "#1"},
				"up": {"uv": [10.5, 9.5, 9.5, 9], "texture": "#1"},
				"down": {"uv": [10.5, 8.5, 9.5, 9], "texture": "#1"}
			}
		},
		{
			"from": [6.02434, -4.9722, 7.5],
			"to": [7.02434, -1.9722, 8.5],
			"rotation": {"angle": 22.5, "axis": "z", "origin": [16.6212, -7.37535, 1.5]},
			"faces": {
				"north": {"uv": [5.5, 10.5, 6, 9], "texture": "#1"},
				"east": {"uv": [6, 10.5, 6.5, 9], "texture": "#1"},
				"south": {"uv": [0, 11, 0.5, 9.5], "texture": "#1"},
				"west": {"uv": [0.5, 11, 1, 9.5], "texture": "#1"},
				"up": {"uv": [8.5, 11.5, 8, 11], "texture": "#1"},
				"down": {"uv": [11.5, 7.5, 11, 8], "texture": "#1"}
			}
		},
		{
			"from": [4.02434, -7.9722, 7.495],
			"to": [6.02434, -6.9722, 8.505],
			"rotation": {"angle": -22.5, "axis": "z", "origin": [16.6212, -7.37535, 1.5]},
			"faces": {
				"north": {"uv": [9.5, 10, 10.5, 9.5], "texture": "#1"},
				"east": {"uv": [11, 8.5, 11.5, 8], "texture": "#1"},
				"south": {"uv": [10, 0.5, 11, 0], "texture": "#1"},
				"west": {"uv": [8.5, 11.5, 9, 11], "texture": "#1"},
				"up": {"uv": [2, 10.5, 1, 10], "texture": "#1"},
				"down": {"uv": [11, 0.5, 10, 1], "texture": "#1"}
			}
		},
		{
			"from": [4.5, -4, 7.505],
			"to": [6.5, -3, 8.495],
			"rotation": {"angle": 0, "axis": "y", "origin": [16.12551, -11.34345, 1.5]},
			"faces": {
				"north": {"uv": [10, 2.5, 11, 2], "texture": "#1"},
				"east": {"uv": [11, 9, 11.5, 8.5], "texture": "#1"},
				"south": {"uv": [10, 3, 11, 2.5], "texture": "#1"},
				"west": {"uv": [11, 9.5, 11.5, 9], "texture": "#1"},
				"up": {"uv": [11, 7, 10, 6.5], "texture": "#1"},
				"down": {"uv": [11, 3, 10, 3.5], "texture": "#1"}
			}
		},
		{
			"from": [10.28656, 2.36464, 7.5],
			"to": [12.28656, 3.36464, 8.5],
			"rotation": {"angle": 45, "axis": "z", "origin": [15.40776, -8.03851, 1.505]},
			"faces": {
				"north": {"uv": [10, 7.5, 11, 7], "texture": "#1"},
				"east": {"uv": [9.5, 11.5, 10, 11], "texture": "#1"},
				"south": {"uv": [10, 8, 11, 7.5], "texture": "#1"},
				"west": {"uv": [10, 11.5, 10.5, 11], "texture": "#1"},
				"up": {"uv": [9.5, 10.5, 8.5, 10], "texture": "#1"},
				"down": {"uv": [11, 8, 10, 8.5], "texture": "#1"}
			}
		},
		{
			"from": [2.6238, -9.55233, 7.495],
			"to": [3.6238, -8.55233, 8.505],
			"rotation": {"angle": -22.5, "axis": "z", "origin": [17.22065, -8.95547, 1.495]},
			"faces": {
				"north": {"uv": [11, 11, 11.5, 10.5], "texture": "#1"},
				"east": {"uv": [11, 11.5, 11.5, 11], "texture": "#1"},
				"south": {"uv": [11.5, 0.5, 12, 0], "texture": "#1"},
				"west": {"uv": [0.5, 12, 1, 11.5], "texture": "#1"},
				"up": {"uv": [1.5, 12, 1, 11.5], "texture": "#1"},
				"down": {"uv": [12, 0.5, 11.5, 1], "texture": "#1"}
			}
		},
		{
			"from": [3.72655, -3.59868, 7.505],
			"to": [4.42655, -2.89868, 8.495],
			"rotation": {"angle": 22.5, "axis": "z", "origin": [4.42655, -4.31289, 7.485]},
			"faces": {
				"north": {"uv": [11.5, 1.5, 12, 1], "texture": "#1"},
				"east": {"uv": [1.5, 12, 2, 11.5], "texture": "#1"},
				"south": {"uv": [11.5, 2, 12, 1.5], "texture": "#1"},
				"west": {"uv": [2, 12, 2.5, 11.5], "texture": "#1"},
				"up": {"uv": [3, 12, 2.5, 11.5], "texture": "#1"},
				"down": {"uv": [12, 2, 11.5, 2.5], "texture": "#1"}
			}
		},
		{
			"from": [7.5, 6.17458, 10.9],
			"to": [8.5, 8.17458, 11.9],
			"rotation": {"angle": 45, "axis": "x", "origin": [1, 8.17458, -1.98703]},
			"faces": {
				"north": {"uv": [9.5, 11, 10, 10], "texture": "#1"},
				"east": {"uv": [10, 11, 10.5, 10], "texture": "#1"},
				"south": {"uv": [1, 11.5, 1.5, 10.5], "texture": "#1"},
				"west": {"uv": [1.5, 11.5, 2, 10.5], "texture": "#1"},
				"up": {"uv": [3.5, 12, 3, 11.5], "texture": "#1"},
				"down": {"uv": [12, 2.5, 11.5, 3], "texture": "#1"}
			}
		},
		{
			"from": [6.9, -4.5934, 5.9588],
			"to": [8.9, -2.5934, 6.9588],
			"rotation": {"angle": -45, "axis": "z", "origin": [8, -3.6934, 6]},
			"faces": {
				"north": {"uv": [0, 9.5, 1, 8.5], "texture": "#1"},
				"east": {"uv": [2, 11.5, 2.5, 10.5], "texture": "#1"},
				"south": {"uv": [4.5, 9.5, 5.5, 8.5], "texture": "#1"},
				"west": {"uv": [2.5, 11.5, 3, 10.5], "texture": "#1"},
				"up": {"uv": [11.5, 4.5, 10.5, 4], "texture": "#1"},
				"down": {"uv": [11.5, 3.5, 10.5, 4], "texture": "#1"}
			}
		},
		{
			"from": [6.9, -4.5934, 9.0412],
			"to": [8.9, -2.5934, 10.0412],
			"rotation": {"angle": -45, "axis": "z", "origin": [8, -3.6934, 10]},
			"faces": {
				"north": {"uv": [6.5, 9.5, 7.5, 8.5], "texture": "#1"},
				"east": {"uv": [4.5, 11.5, 5, 10.5], "texture": "#1"},
				"south": {"uv": [8.5, 7.5, 9.5, 6.5], "texture": "#1"},
				"west": {"uv": [10.5, 5.5, 11, 4.5], "texture": "#1"},
				"up": {"uv": [11.5, 6, 10.5, 5.5], "texture": "#1"},
				"down": {"uv": [6, 10.5, 5, 11], "texture": "#1"}
			}
		},
		{
			"from": [7.5, 6.17458, 4.1],
			"to": [8.5, 8.17458, 5.1],
			"rotation": {"angle": -45, "axis": "x", "origin": [1, 8.17458, 17.98703]},
			"faces": {
				"north": {"uv": [6, 11.5, 6.5, 10.5], "texture": "#1"},
				"east": {"uv": [6.5, 11.5, 7, 10.5], "texture": "#1"},
				"south": {"uv": [7, 11.5, 7.5, 10.5], "texture": "#1"},
				"west": {"uv": [7.5, 11.5, 8, 10.5], "texture": "#1"},
				"up": {"uv": [4, 12, 3.5, 11.5], "texture": "#1"},
				"down": {"uv": [12, 3, 11.5, 3.5], "texture": "#1"}
			}
		},
		{
			"from": [4, -4, 4],
			"to": [5, -3, 6],
			"rotation": {"angle": 22.5, "axis": "y", "origin": [16.12551, -11.34345, 1.5]},
			"faces": {
				"north": {"uv": [11.5, 4, 12, 3.5], "texture": "#1"},
				"east": {"uv": [10.5, 6.5, 11.5, 6], "texture": "#1"},
				"south": {"uv": [4, 12, 4.5, 11.5], "texture": "#1"},
				"west": {"uv": [8, 11, 9, 10.5], "texture": "#1"},
				"up": {"uv": [9.5, 11.5, 9, 10.5], "texture": "#1"},
				"down": {"uv": [11, 8.5, 10.5, 9.5], "texture": "#1"}
			}
		},
		{
			"from": [4, -4, 10],
			"to": [5, -3, 12],
			"rotation": {"angle": -22.5, "axis": "y", "origin": [16.12551, -11.34345, 14.5]},
			"faces": {
				"north": {"uv": [11.5, 4.5, 12, 4], "texture": "#1"},
				"east": {"uv": [10.5, 10, 11.5, 9.5], "texture": "#1"},
				"south": {"uv": [4.5, 12, 5, 11.5], "texture": "#1"},
				"west": {"uv": [10.5, 10.5, 11.5, 10], "texture": "#1"},
				"up": {"uv": [0.5, 12, 0, 11], "texture": "#1"},
				"down": {"uv": [11, 10.5, 10.5, 11.5], "texture": "#1"}
			}
		},
		{
			"from": [6.75, 1, 6.75],
			"to": [9.25, 2, 9.25],
			"rotation": {"angle": 0, "axis": "y", "origin": [0, 2, 0]},
			"faces": {
				"north": {"uv": [9, 5.5, 10.5, 5], "texture": "#1"},
				"east": {"uv": [9, 6, 10.5, 5.5], "texture": "#1"},
				"south": {"uv": [9.5, 1.5, 11, 1], "texture": "#1"},
				"west": {"uv": [9.5, 2, 11, 1.5], "texture": "#1"},
				"up": {"uv": [9, 6, 7.5, 4.5], "texture": "#1"},
				"down": {"uv": [9, 3, 7.5, 4.5], "texture": "#1"}
			}
		},
		{
			"from": [7, -2, 7],
			"to": [9, 5, 9],
			"rotation": {"angle": 0, "axis": "y", "origin": [0, 14, 0]},
			"faces": {
				"north": {"uv": [4, 3.5, 5, 0], "texture": "#1"},
				"east": {"uv": [4, 7, 5, 3.5], "texture": "#1"},
				"south": {"uv": [0, 8.5, 1, 5], "texture": "#1"},
				"west": {"uv": [5, 3.5, 6, 0], "texture": "#1"},
				"up": {"uv": [9.5, 9.5, 8.5, 8.5], "texture": "#1"},
				"down": {"uv": [8.5, 8.5, 7.5, 9.5], "texture": "#1"}
			}
		},
		{
			"from": [3.01495, -2.99242, 7.5],
			"to": [4.01495, 0.00758, 8.5],
			"rotation": {"angle": -22.5, "axis": "z", "origin": [15.4181, -7.87122, 2.255]},
			"faces": {
				"north": {"uv": [9.5, 3.5, 10, 2], "texture": "#1"},
				"east": {"uv": [3, 11, 3.5, 9.5], "texture": "#1"},
				"south": {"uv": [3.5, 11, 4, 9.5], "texture": "#1"},
				"west": {"uv": [4, 11, 4.5, 9.5], "texture": "#1"},
				"up": {"uv": [5.5, 12, 5, 11.5], "texture": "#1"},
				"down": {"uv": [12, 4.5, 11.5, 5], "texture": "#1"}
			}
		},
		{
			"from": [7.25, 5, 7.25],
			"to": [8.75, 11, 8.75],
			"rotation": {"angle": 0, "axis": "y", "origin": [0, 14, 0]},
			"faces": {
				"north": {"uv": [1, 8, 2, 5], "texture": "#1"},
				"east": {"uv": [2, 8, 3, 5], "texture": "#1"},
				"south": {"uv": [3, 8, 4, 5], "texture": "#1"},
				"west": {"uv": [5, 6.5, 6, 3.5], "texture": "#1"},
				"up": {"uv": [2, 10, 1, 9], "texture": "#1"},
				"down": {"uv": [10, 0, 9, 1], "texture": "#1"}
			}
		},
		{
			"from": [11.98505, -2.99242, 7.5],
			"to": [12.98505, 0.00758, 8.5],
			"rotation": {"angle": 22.5, "axis": "z", "origin": [0.5819, -7.87122, 2.255]},
			"faces": {
				"north": {"uv": [10, 3.5, 9.5, 2], "texture": "#1"},
				"east": {"uv": [4.5, 11, 4, 9.5], "texture": "#1"},
				"south": {"uv": [4, 11, 3.5, 9.5], "texture": "#1"},
				"west": {"uv": [3.5, 11, 3, 9.5], "texture": "#1"},
				"up": {"uv": [5, 12, 5.5, 11.5], "texture": "#1"},
				"down": {"uv": [11.5, 4.5, 12, 5], "texture": "#1"}
			}
		},
		{
			"from": [11, -4, 10],
			"to": [12, -3, 12],
			"rotation": {"angle": 22.5, "axis": "y", "origin": [-0.12551, -11.34345, 14.5]},
			"faces": {
				"north": {"uv": [12, 4.5, 11.5, 4], "texture": "#1"},
				"east": {"uv": [11.5, 10.5, 10.5, 10], "texture": "#1"},
				"south": {"uv": [5, 12, 4.5, 11.5], "texture": "#1"},
				"west": {"uv": [11.5, 10, 10.5, 9.5], "texture": "#1"},
				"up": {"uv": [0, 12, 0.5, 11], "texture": "#1"},
				"down": {"uv": [10.5, 10.5, 11, 11.5], "texture": "#1"}
			}
		},
		{
			"from": [11, -4, 4],
			"to": [12, -3, 6],
			"rotation": {"angle": -22.5, "axis": "y", "origin": [-0.12551, -11.34345, 1.5]},
			"faces": {
				"north": {"uv": [12, 4, 11.5, 3.5], "texture": "#1"},
				"east": {"uv": [9, 11, 8, 10.5], "texture": "#1"},
				"south": {"uv": [4.5, 12, 4, 11.5], "texture": "#1"},
				"west": {"uv": [11.5, 6.5, 10.5, 6], "texture": "#1"},
				"up": {"uv": [9, 11.5, 9.5, 10.5], "texture": "#1"},
				"down": {"uv": [10.5, 8.5, 11, 9.5], "texture": "#1"}
			}
		},
		{
			"from": [11.57345, -3.59868, 7.505],
			"to": [12.27345, -2.89868, 8.495],
			"rotation": {"angle": -22.5, "axis": "z", "origin": [11.57345, -4.31289, 7.485]},
			"faces": {
				"north": {"uv": [12, 1.5, 11.5, 1], "texture": "#1"},
				"east": {"uv": [2.5, 12, 2, 11.5], "texture": "#1"},
				"south": {"uv": [12, 2, 11.5, 1.5], "texture": "#1"},
				"west": {"uv": [2, 12, 1.5, 11.5], "texture": "#1"},
				"up": {"uv": [2.5, 12, 3, 11.5], "texture": "#1"},
				"down": {"uv": [11.5, 2, 12, 2.5], "texture": "#1"}
			}
		},
		{
			"from": [12.3762, -9.55233, 7.495],
			"to": [13.3762, -8.55233, 8.505],
			"rotation": {"angle": 22.5, "axis": "z", "origin": [-1.22065, -8.95547, 1.495]},
			"faces": {
				"north": {"uv": [11.5, 11, 11, 10.5], "texture": "#1"},
				"east": {"uv": [1, 12, 0.5, 11.5], "texture": "#1"},
				"south": {"uv": [12, 0.5, 11.5, 0], "texture": "#1"},
				"west": {"uv": [11.5, 11.5, 11, 11], "texture": "#1"},
				"up": {"uv": [1, 12, 1.5, 11.5], "texture": "#1"},
				"down": {"uv": [11.5, 0.5, 12, 1], "texture": "#1"}
			}
		},
		{
			"from": [3.71344, 2.36464, 7.5],
			"to": [5.71344, 3.36464, 8.5],
			"rotation": {"angle": -45, "axis": "z", "origin": [0.59224, -8.03851, 1.505]},
			"faces": {
				"north": {"uv": [11, 7.5, 10, 7], "texture": "#1"},
				"east": {"uv": [10.5, 11.5, 10, 11], "texture": "#1"},
				"south": {"uv": [11, 8, 10, 7.5], "texture": "#1"},
				"west": {"uv": [10, 11.5, 9.5, 11], "texture": "#1"},
				"up": {"uv": [8.5, 10.5, 9.5, 10], "texture": "#1"},
				"down": {"uv": [10, 8, 11, 8.5], "texture": "#1"}
			}
		},
		{
			"from": [9.5, -4, 7.505],
			"to": [11.5, -3, 8.495],
			"rotation": {"angle": 0, "axis": "y", "origin": [-0.12551, -11.34345, 1.5]},
			"faces": {
				"north": {"uv": [11, 2.5, 10, 2], "texture": "#1"},
				"east": {"uv": [11.5, 9.5, 11, 9], "texture": "#1"},
				"south": {"uv": [11, 3, 10, 2.5], "texture": "#1"},
				"west": {"uv": [11.5, 9, 11, 8.5], "texture": "#1"},
				"up": {"uv": [10, 7, 11, 6.5], "texture": "#1"},
				"down": {"uv": [10, 3, 11, 3.5], "texture": "#1"}
			}
		},
		{
			"from": [9.97566, -7.9722, 7.495],
			"to": [11.97566, -6.9722, 8.505],
			"rotation": {"angle": 22.5, "axis": "z", "origin": [-0.6212, -7.37535, 1.5]},
			"faces": {
				"north": {"uv": [10.5, 10, 9.5, 9.5], "texture": "#1"},
				"east": {"uv": [9, 11.5, 8.5, 11], "texture": "#1"},
				"south": {"uv": [11, 0.5, 10, 0], "texture": "#1"},
				"west": {"uv": [11.5, 8.5, 11, 8], "texture": "#1"},
				"up": {"uv": [1, 10.5, 2, 10], "texture": "#1"},
				"down": {"uv": [10, 0.5, 11, 1], "texture": "#1"}
			}
		},
		{
			"from": [8.97566, -4.9722, 7.5],
			"to": [9.97566, -1.9722, 8.5],
			"rotation": {"angle": -22.5, "axis": "z", "origin": [-0.6212, -7.37535, 1.5]},
			"faces": {
				"north": {"uv": [6, 10.5, 5.5, 9], "texture": "#1"},
				"east": {"uv": [1, 11, 0.5, 9.5], "texture": "#1"},
				"south": {"uv": [0.5, 11, 0, 9.5], "texture": "#1"},
				"west": {"uv": [6.5, 10.5, 6, 9], "texture": "#1"},
				"up": {"uv": [8, 11.5, 8.5, 11], "texture": "#1"},
				"down": {"uv": [11, 7.5, 11.5, 8], "texture": "#1"}
			}
		},
		{
			"from": [7.59925, -6.89189, 7.5],
			"to": [9.59925, -5.89189, 8.5],
			"rotation": {"angle": -22.5, "axis": "z", "origin": [1.00239, -11.29504, 1.5]},
			"faces": {
				"north": {"uv": [10.5, 4, 9.5, 3.5], "texture": "#1"},
				"east": {"uv": [11.5, 7.5, 11, 7], "texture": "#1"},
				"south": {"uv": [9.5, 10, 8.5, 9.5], "texture": "#1"},
				"west": {"uv": [11.5, 7, 11, 6.5], "texture": "#1"},
				"up": {"uv": [9.5, 9.5, 10.5, 9], "texture": "#1"},
				"down": {"uv": [9.5, 8.5, 10.5, 9], "texture": "#1"}
			}
		},
		{
			"from": [-1.85663, -9.55083, 7.505],
			"to": [-0.85663, -8.05083, 8.495],
			"rotation": {"angle": 22.5, "axis": "z", "origin": [7.73783, 17.84106, 0]},
			"faces": {
				"north": {"uv": [10, 7.5, 9.5, 6.5], "texture": "#1"},
				"east": {"uv": [8.5, 10.5, 8, 9.5], "texture": "#1"},
				"south": {"uv": [8, 10.5, 7.5, 9.5], "texture": "#1"},
				"west": {"uv": [7.5, 10.5, 7, 9.5], "texture": "#1"},
				"up": {"uv": [5.5, 11.5, 6, 11], "texture": "#1"},
				"down": {"uv": [11, 5, 11.5, 5.5], "texture": "#1"}
			}
		},
		{
			"from": [8.3688, -8.05041, 7.5],
			"to": [9.3688, -6.05041, 8.5],
			"rotation": {"angle": -22.5, "axis": "z", "origin": [-1.22805, -11.45355, 1.5]},
			"faces": {
				"north": {"uv": [6, 7.5, 5.5, 6.5], "texture": "#1"},
				"east": {"uv": [7, 10.5, 6.5, 9.5], "texture": "#1"},
				"south": {"uv": [5.5, 10.5, 5, 9.5], "texture": "#1"},
				"west": {"uv": [5, 10.5, 4.5, 9.5], "texture": "#1"},
				"up": {"uv": [5, 11.5, 5.5, 11], "texture": "#1"},
				"down": {"uv": [11, 4.5, 11.5, 5], "texture": "#1"}
			}
		},
		{
			"from": [3.5, 1.0278, 7.5],
			"to": [6.5, 2.0278, 8.5],
			"rotation": {"angle": -45, "axis": "z", "origin": [0.3788, -7.37535, 1.5]},
			"faces": {
				"north": {"uv": [4, 8.5, 2.5, 8], "texture": "#1"},
				"east": {"uv": [4.5, 11.5, 4, 11], "texture": "#1"},
				"south": {"uv": [4.5, 9.5, 3, 9], "texture": "#1"},
				"west": {"uv": [4, 11.5, 3.5, 11], "texture": "#1"},
				"up": {"uv": [9, 5, 10.5, 4.5], "texture": "#1"},
				"down": {"uv": [9, 4, 10.5, 4.5], "texture": "#1"}
			}
		},
		{
			"from": [9.47135, -8.28649, 7.505],
			"to": [10.47135, -5.28649, 8.495],
			"rotation": {"angle": 0, "axis": "y", "origin": [-0.12551, -11.34345, 1.5]},
			"faces": {
				"north": {"uv": [9.5, 2.5, 9, 1], "texture": "#1"},
				"east": {"uv": [9.5, 4, 9, 2.5], "texture": "#1"},
				"south": {"uv": [3, 10.5, 2.5, 9], "texture": "#1"},
				"west": {"uv": [2.5, 10.5, 2, 9], "texture": "#1"},
				"up": {"uv": [11, 3.5, 11.5, 3], "texture": "#1"},
				"down": {"uv": [3, 11, 3.5, 11.5], "texture": "#1"}
			}
		},
		{
			"from": [5.97566, -1.9722, 7.495],
			"to": [9.97566, -0.9722, 8.505],
			"rotation": {"angle": -22.5, "axis": "z", "origin": [-0.6212, -7.37535, 1.5]},
			"faces": {
				"north": {"uv": [10, 8, 8, 7.5], "texture": "#1"},
				"east": {"uv": [11.5, 3, 11, 2.5], "texture": "#1"},
				"south": {"uv": [10, 8.5, 8, 8], "texture": "#1"},
				"west": {"uv": [11.5, 2.5, 11, 2], "texture": "#1"},
				"up": {"uv": [8.5, 6.5, 10.5, 6], "texture": "#1"},
				"down": {"uv": [2.5, 8.5, 4.5, 9], "texture": "#1"}
			}
		},
		{
			"from": [-2.82333, -11.32444, 7.505],
			"to": [-2.12333, -10.62444, 8.495],
			"rotation": {"angle": 22.5, "axis": "z", "origin": [6.47113, 18.26745, 0]},
			"faces": {
				"north": {"uv": [5.5, 7, 5, 6.5], "texture": "#1"},
				"east": {"uv": [11.5, 1, 11, 0.5], "texture": "#1"},
				"south": {"uv": [1, 11.5, 0.5, 11], "texture": "#1"},
				"west": {"uv": [11.5, 0.5, 11, 0], "texture": "#1"},
				"up": {"uv": [11, 2, 11.5, 1.5], "texture": "#1"},
				"down": {"uv": [11, 1, 11.5, 1.5], "texture": "#1"}
			}
		}
	],
	"display": {
		"thirdperson_righthand": {
			"rotation": [0, -110, 0],
			"translation": [0, -3, 1.5],
			"scale": [1.3, 1.3, 1.3]
		},
		"thirdperson_lefthand": {
			"rotation": [0, -110, 0],
			"translation": [0, -3, 1.5],
			"scale": [1.3, 1.3, 1.3]
		},
		"firstperson_righthand": {
			"rotation": [-20, 100, 0],
			"translation": [5, -2.5, 0]
		},
		"firstperson_lefthand": {
			"rotation": [-20, 100, 0],
			"translation": [5, -2.5, 0]
		},
		"ground": {
			"rotation": [-74, 0, 0]
		},
		"gui": {
			"rotation": [-20, 160, 30],
			"translation": [0, -0.25, 0],
			"scale": [0.7, 0.65, 0.65]
		}
	}
}