{
	"credit": "Made with Blockbench by ProbsWinter",
	"texture_size": [32, 32],
	"textures": {
		"1": "item/warp",
		"2": "anim/warpanim",
		"particle": "anim/warpanim"
	},
	"elements": [
		{
			"from": [9.75, 0, 6],
			"to": [14.75, 1, 13],
			"rotation": {"angle": 22.5, "axis": "z", "origin": [0, 0, 0]},
			"faces": {
				"north": {"uv": [7.5, 6, 10, 6.5], "texture": "#1"},
				"east": {"uv": [7.5, 2, 11, 2.5], "texture": "#1"},
				"south": {"uv": [7.5, 6.5, 10, 7], "texture": "#1"},
				"west": {"uv": [7.5, 2.5, 11, 3], "texture": "#1"},
				"up": {"uv": [2.5, 3.5, 0, 0], "texture": "#1"},
				"down": {"uv": [2.5, 0, 5, 3.5], "texture": "#1"}
			}
		},
		{
			"from": [1.25, 0, 6],
			"to": [6.25, 1, 13],
			"rotation": {"angle": -22.5, "axis": "z", "origin": [16, 0, 0]},
			"faces": {
				"north": {"uv": [7.5, 7, 10, 7.5], "texture": "#1"},
				"east": {"uv": [7.5, 3, 11, 3.5], "texture": "#1"},
				"south": {"uv": [7.5, 7.5, 10, 8], "texture": "#1"},
				"west": {"uv": [7.5, 3.5, 11, 4], "texture": "#1"},
				"up": {"uv": [2.5, 7, 0, 3.5], "texture": "#1"},
				"down": {"uv": [5, 0, 2.5, 3.5], "texture": "#1"}
			}
		},
		{
			"from": [7.5, 3.2, 6.01],
			"to": [8.5, 4.45, 12.99],
			"rotation": {"angle": 0, "axis": "y", "origin": [16, 0, 0]},
			"faces": {
				"north": {"uv": [3.5, 7, 4, 7.75], "texture": "#1"},
				"east": {"uv": [7.5, 0, 11, 0.75], "texture": "#1"},
				"south": {"uv": [4, 7, 4.5, 7.75], "texture": "#1"},
				"west": {"uv": [7.5, 1, 11, 1.75], "texture": "#1"},
				"up": {"uv": [3, 10.5, 2.5, 7], "texture": "#1"},
				"down": {"uv": [3.5, 7, 3, 10.5], "texture": "#1"}
			}
		},
		{
			"from": [1, 7, 6.5],
			"to": [6, 8, 12.5],
			"rotation": {"angle": -22.5, "axis": "z", "origin": [0, 0, 19]},
			"faces": {
				"north": {"uv": [10, 8.5, 7.5, 9], "texture": "#1"},
				"east": {"uv": [10.5, 4, 7.5, 4.5], "texture": "#1"},
				"south": {"uv": [10, 8, 7.5, 8.5], "texture": "#1"},
				"west": {"uv": [10.5, 4.5, 7.5, 5], "texture": "#1"},
				"up": {"uv": [7.5, 0, 5, 3], "texture": "#1"},
				"down": {"uv": [7.5, 6, 5, 3], "texture": "#1"}
			}
		},
		{
			"from": [10, 7, 6.505],
			"to": [15, 8, 12.495],
			"rotation": {"angle": 22.5, "axis": "z", "origin": [16, 0, 19]},
			"faces": {
				"north": {"uv": [8.5, 9, 6, 9.5], "texture": "#1"},
				"east": {"uv": [10.5, 5, 7.5, 5.5], "texture": "#1"},
				"south": {"uv": [6, 9, 3.5, 9.5], "texture": "#1"},
				"west": {"uv": [10.5, 5.5, 7.5, 6], "texture": "#1"},
				"up": {"uv": [7.5, 6, 5, 9], "texture": "#1"},
				"down": {"uv": [2.5, 10, 0, 7], "texture": "#1"}
			}
		},
		{
			"from": [9.4036, 12.50881, 6.5],
			"to": [9.4036, 17.50881, 12.5],
			"rotation": {"angle": 45, "axis": "z", "origin": [17.4036, 7.20881, 19]},
			"faces": {
				"north": {"uv": [0, 0, 0, 2.5], "texture": "#2"},
				"east": {"uv": [3, 0, 0, 2.5], "texture": "#2"},
				"south": {"uv": [0, 0, 0, 2.5], "texture": "#2"},
				"west": {"uv": [0, 0, 3, 2.5], "texture": "#2"},
				"up": {"uv": [0, 0, 0, 3], "texture": "#2"},
				"down": {"uv": [0, 3, 0, 0], "texture": "#2"}
			}
		},
		{
			"from": [9.41833, 8.76452, 6.5],
			"to": [9.41833, 13.76452, 12.5],
			"rotation": {"angle": 22.5, "axis": "z", "origin": [17.41833, 3.46452, 19]},
			"faces": {
				"north": {"uv": [0, 0, 0, 2.5], "texture": "#2"},
				"east": {"uv": [3, 2.5, 0, 5], "texture": "#2"},
				"south": {"uv": [0, 0, 0, 2.5], "texture": "#2"},
				"west": {"uv": [0, 2.5, 3, 5], "texture": "#2"},
				"up": {"uv": [0, 0, 0, 3], "texture": "#2"},
				"down": {"uv": [0, 3, 0, 0], "texture": "#2"}
			}
		},
		{
			"from": [8, 5.3, 6.5],
			"to": [8, 10.3, 12.5],
			"rotation": {"angle": 0, "axis": "y", "origin": [16, 0, 19]},
			"faces": {
				"north": {"uv": [0, 0, 0, 2.5], "texture": "#2"},
				"east": {"uv": [3, 5, 0, 7.5], "texture": "#2"},
				"south": {"uv": [0, 0, 0, 2.5], "texture": "#2"},
				"west": {"uv": [0, 5, 3, 7.5], "texture": "#2"},
				"up": {"uv": [0, 0, 0, 3], "texture": "#2"},
				"down": {"uv": [0, 3, 0, 0], "texture": "#2"}
			}
		},
		{
			"from": [5.36381, 2.64197, 6.5],
			"to": [5.36381, 7.64197, 12.5],
			"rotation": {"angle": -22.5, "axis": "z", "origin": [13.36381, -2.65803, 19]},
			"faces": {
				"north": {"uv": [0, 0, 0, 2.5], "texture": "#2"},
				"east": {"uv": [3, 7.5, 0, 10], "texture": "#2"},
				"south": {"uv": [0, 0, 0, 2.5], "texture": "#2"},
				"west": {"uv": [0, 7.5, 3, 10], "texture": "#2"},
				"up": {"uv": [0, 0, 0, 3], "texture": "#2"},
				"down": {"uv": [0, 3, 0, 0], "texture": "#2"}
			}
		},
		{
			"from": [1.91111, 1.1951, 6.5],
			"to": [1.91111, 6.1951, 12.5],
			"rotation": {"angle": -45, "axis": "z", "origin": [9.91111, -4.1049, 19]},
			"faces": {
				"north": {"uv": [0, 0, 0, 2.5], "texture": "#2"},
				"east": {"uv": [3, 10, 0, 12.5], "texture": "#2"},
				"south": {"uv": [0, 0, 0, 2.5], "texture": "#2"},
				"west": {"uv": [0, 10, 3, 12.5], "texture": "#2"},
				"up": {"uv": [0, 0, 0, 3], "texture": "#2"},
				"down": {"uv": [0, 3, 0, 0], "texture": "#2"}
			}
		}
	],
	"display": {
		"thirdperson_righthand": {
			"translation": [0, 5.75, -1.5],
			"scale": [1.4, 1.4, 1.4]
		},
		"thirdperson_lefthand": {
			"translation": [0, 5.75, -1.5],
			"scale": [1.4, 1.4, 1.4]
		},
		"firstperson_righthand": {
			"rotation": [30, -180, -10],
			"translation": [0, 5.5, 1]
		},
		"firstperson_lefthand": {
			"rotation": [30, -180, -10],
			"translation": [0, 5.5, 1]
		},
		"ground": {
			"rotation": [20, 0, 0],
			"translation": [0, 2.5, 0]
		},
		"gui": {
			"rotation": [45, 145, 0],
			"translation": [-1.25, 1, 0],
			"scale": [1.5, 1.5, 1.5]
		},
		"fixed": {
			"rotation": [-90, 0, 0],
			"translation": [0, 0, -4.5]
		}
	},
	"groups": [
		{
			"name": "book cover",
			"origin": [16, 0, 0],
			"color": 0,
			"children": [0, 1, 2]
		},
		{
			"name": "pages",
			"origin": [17.4036, 7.20881, 0],
			"color": 0,
			"children": [
				3,
				4,
				{
					"name": "pageanim",
					"origin": [17.4036, 7.20881, 0],
					"color": 0,
					"children": [5, 6, 7, 8, 9]
				}
			]
		}
	]
}