{
	"credit": "Made with Blockbench",
	"textures": {
		"3": "item/bvb/template_axe",
		"particle": "item/bvb/template_sword"
	},
	"elements": [
		{
			"name": "template_axe_0",
			"from": [9, 14, 7.5],
			"to": [11, 15, 8.5],
			"rotation": {"angle": 0, "axis": "y", "origin": [0, 0, 7.5]},
			"faces": {
				"north": {"uv": [11, 1, 9, 2], "texture": "#3"},
				"east": {"uv": [10, 1, 11, 2], "texture": "#3"},
				"south": {"uv": [9, 1, 11, 2], "texture": "#3"},
				"west": {"uv": [9, 1, 10, 2], "texture": "#3"},
				"up": {"uv": [9, 1, 11, 2], "texture": "#3"},
				"down": {"uv": [9, 1, 11, 2], "texture": "#3"}
			}
		},
		{
			"name": "template_axe_1",
			"from": [8, 13, 7.5],
			"to": [9, 14, 8.5],
			"rotation": {"angle": 0, "axis": "y", "origin": [0, 0, 7.5]},
			"faces": {
				"north": {"uv": [9, 2, 8, 3], "texture": "#3"},
				"east": {"uv": [8, 2, 9, 3], "texture": "#3"},
				"south": {"uv": [8, 2, 9, 3], "texture": "#3"},
				"west": {"uv": [8, 2, 9, 3], "texture": "#3"},
				"up": {"uv": [8, 2, 9, 3], "texture": "#3"},
				"down": {"uv": [8, 2, 9, 3], "texture": "#3"}
			}
		},
		{
			"name": "template_axe_2",
			"from": [11, 11, 7.5],
			"to": [12, 14, 8.5],
			"rotation": {"angle": 0, "axis": "y", "origin": [0, 0, 7.5]},
			"faces": {
				"north": {"uv": [12, 2, 11, 5], "texture": "#3"},
				"east": {"uv": [11, 2, 12, 5], "texture": "#3"},
				"south": {"uv": [11, 2, 12, 5], "texture": "#3"},
				"west": {"uv": [11, 2, 12, 5], "texture": "#3"},
				"up": {"uv": [11, 2, 12, 3], "texture": "#3"},
				"down": {"uv": [11, 4, 12, 5], "texture": "#3"}
			}
		},
		{
			"name": "template_axe_3",
			"from": [7, 12, 7.5],
			"to": [8, 13, 8.5],
			"rotation": {"angle": 0, "axis": "y", "origin": [0, 0, 7.5]},
			"faces": {
				"north": {"uv": [8, 3, 7, 4], "texture": "#3"},
				"east": {"uv": [7, 3, 8, 4], "texture": "#3"},
				"south": {"uv": [7, 3, 8, 4], "texture": "#3"},
				"west": {"uv": [7, 3, 8, 4], "texture": "#3"},
				"up": {"uv": [7, 3, 8, 4], "texture": "#3"},
				"down": {"uv": [7, 3, 8, 4], "texture": "#3"}
			}
		},
		{
			"name": "template_axe_4",
			"from": [6, 10, 7.5],
			"to": [7, 12, 8.5],
			"rotation": {"angle": 0, "axis": "y", "origin": [0, 0, 7.5]},
			"faces": {
				"north": {"uv": [7, 4, 6, 6], "texture": "#3"},
				"east": {"uv": [6, 4, 7, 6], "texture": "#3"},
				"south": {"uv": [6, 4, 7, 6], "texture": "#3"},
				"west": {"uv": [6, 4, 7, 6], "texture": "#3"},
				"up": {"uv": [6, 4, 7, 5], "texture": "#3"},
				"down": {"uv": [6, 5, 7, 6], "texture": "#3"}
			}
		},
		{
			"name": "template_axe_5",
			"from": [12, 10, 7.5],
			"to": [13, 12, 8.5],
			"rotation": {"angle": 0, "axis": "y", "origin": [0, 0, 7.5]},
			"faces": {
				"north": {"uv": [13, 4, 12, 6], "texture": "#3"},
				"east": {"uv": [12, 4, 13, 6], "texture": "#3"},
				"south": {"uv": [12, 4, 13, 6], "texture": "#3"},
				"west": {"uv": [12, 4, 13, 6], "texture": "#3"},
				"up": {"uv": [12, 4, 13, 5], "texture": "#3"},
				"down": {"uv": [12, 5, 13, 6], "texture": "#3"}
			}
		},
		{
			"name": "template_axe_6",
			"from": [7, 9, 7.5],
			"to": [10, 10, 8.5],
			"rotation": {"angle": 0, "axis": "y", "origin": [0, 0, 7.5]},
			"faces": {
				"north": {"uv": [10, 6, 7, 7], "texture": "#3"},
				"east": {"uv": [9, 6, 10, 7], "texture": "#3"},
				"south": {"uv": [7, 6, 10, 7], "texture": "#3"},
				"west": {"uv": [7, 6, 8, 7], "texture": "#3"},
				"up": {"uv": [7, 6, 10, 7], "texture": "#3"},
				"down": {"uv": [7, 6, 10, 7], "texture": "#3"}
			}
		},
		{
			"name": "template_axe_7",
			"from": [13, 8, 7.5],
			"to": [14, 10, 8.5],
			"rotation": {"angle": 0, "axis": "y", "origin": [0, 0, 7.5]},
			"faces": {
				"north": {"uv": [14, 6, 13, 8], "texture": "#3"},
				"east": {"uv": [13, 6, 14, 8], "texture": "#3"},
				"south": {"uv": [13, 6, 14, 8], "texture": "#3"},
				"west": {"uv": [13, 6, 14, 8], "texture": "#3"},
				"up": {"uv": [13, 6, 14, 7], "texture": "#3"},
				"down": {"uv": [13, 7, 14, 8], "texture": "#3"}
			}
		},
		{
			"name": "template_axe_8",
			"from": [8, 8, 7.5],
			"to": [9, 9, 8.5],
			"rotation": {"angle": 0, "axis": "y", "origin": [0, 0, 7.5]},
			"faces": {
				"north": {"uv": [9, 7, 8, 8], "texture": "#3"},
				"east": {"uv": [8, 7, 9, 8], "texture": "#3"},
				"south": {"uv": [8, 7, 9, 8], "texture": "#3"},
				"west": {"uv": [8, 7, 9, 8], "texture": "#3"},
				"up": {"uv": [8, 7, 9, 8], "texture": "#3"},
				"down": {"uv": [8, 7, 9, 8], "texture": "#3"}
			}
		},
		{
			"name": "template_axe_9",
			"from": [10, 8, 7.5],
			"to": [11, 9, 8.5],
			"rotation": {"angle": 0, "axis": "y", "origin": [0, 0, 7.5]},
			"faces": {
				"north": {"uv": [11, 7, 10, 8], "texture": "#3"},
				"east": {"uv": [10, 7, 11, 8], "texture": "#3"},
				"south": {"uv": [10, 7, 11, 8], "texture": "#3"},
				"west": {"uv": [10, 7, 11, 8], "texture": "#3"},
				"up": {"uv": [10, 7, 11, 8], "texture": "#3"},
				"down": {"uv": [10, 7, 11, 8], "texture": "#3"}
			}
		},
		{
			"name": "template_axe_10",
			"from": [7, 7, 7.5],
			"to": [8, 8, 8.5],
			"rotation": {"angle": 0, "axis": "y", "origin": [0, 0, 7.5]},
			"faces": {
				"north": {"uv": [8, 8, 7, 9], "texture": "#3"},
				"east": {"uv": [7, 8, 8, 9], "texture": "#3"},
				"south": {"uv": [7, 8, 8, 9], "texture": "#3"},
				"west": {"uv": [7, 8, 8, 9], "texture": "#3"},
				"up": {"uv": [7, 8, 8, 9], "texture": "#3"},
				"down": {"uv": [7, 8, 8, 9], "texture": "#3"}
			}
		},
		{
			"name": "template_axe_11",
			"from": [9, 7, 7.5],
			"to": [10, 8, 8.5],
			"rotation": {"angle": 0, "axis": "y", "origin": [0, 0, 7.5]},
			"faces": {
				"north": {"uv": [10, 8, 9, 9], "texture": "#3"},
				"east": {"uv": [9, 8, 10, 9], "texture": "#3"},
				"south": {"uv": [9, 8, 10, 9], "texture": "#3"},
				"west": {"uv": [9, 8, 10, 9], "texture": "#3"},
				"up": {"uv": [9, 8, 10, 9], "texture": "#3"},
				"down": {"uv": [9, 8, 10, 9], "texture": "#3"}
			}
		},
		{
			"name": "template_axe_12",
			"from": [11, 7, 7.5],
			"to": [13, 8, 8.5],
			"rotation": {"angle": 0, "axis": "y", "origin": [0, 0, 7.5]},
			"faces": {
				"north": {"uv": [13, 8, 11, 9], "texture": "#3"},
				"east": {"uv": [12, 8, 13, 9], "texture": "#3"},
				"south": {"uv": [11, 8, 13, 9], "texture": "#3"},
				"west": {"uv": [11, 8, 12, 9], "texture": "#3"},
				"up": {"uv": [11, 8, 13, 9], "texture": "#3"},
				"down": {"uv": [11, 8, 13, 9], "texture": "#3"}
			}
		},
		{
			"name": "template_axe_13",
			"from": [6, 6, 7.5],
			"to": [7, 7, 8.5],
			"rotation": {"angle": 0, "axis": "y", "origin": [0, 0, 7.5]},
			"faces": {
				"north": {"uv": [7, 9, 6, 10], "texture": "#3"},
				"east": {"uv": [6, 9, 7, 10], "texture": "#3"},
				"south": {"uv": [6, 9, 7, 10], "texture": "#3"},
				"west": {"uv": [6, 9, 7, 10], "texture": "#3"},
				"up": {"uv": [6, 9, 7, 10], "texture": "#3"},
				"down": {"uv": [6, 9, 7, 10], "texture": "#3"}
			}
		},
		{
			"name": "template_axe_14",
			"from": [8, 6, 7.5],
			"to": [9, 7, 8.5],
			"rotation": {"angle": 0, "axis": "y", "origin": [0, 0, 7.5]},
			"faces": {
				"north": {"uv": [9, 9, 8, 10], "texture": "#3"},
				"east": {"uv": [8, 9, 9, 10], "texture": "#3"},
				"south": {"uv": [8, 9, 9, 10], "texture": "#3"},
				"west": {"uv": [8, 9, 9, 10], "texture": "#3"},
				"up": {"uv": [8, 9, 9, 10], "texture": "#3"},
				"down": {"uv": [8, 9, 9, 10], "texture": "#3"}
			}
		},
		{
			"name": "template_axe_15",
			"from": [5, 5, 7.5],
			"to": [6, 6, 8.5],
			"rotation": {"angle": 0, "axis": "y", "origin": [0, 0, 7.5]},
			"faces": {
				"north": {"uv": [6, 10, 5, 11], "texture": "#3"},
				"east": {"uv": [5, 10, 6, 11], "texture": "#3"},
				"south": {"uv": [5, 10, 6, 11], "texture": "#3"},
				"west": {"uv": [5, 10, 6, 11], "texture": "#3"},
				"up": {"uv": [5, 10, 6, 11], "texture": "#3"},
				"down": {"uv": [5, 10, 6, 11], "texture": "#3"}
			}
		},
		{
			"name": "template_axe_16",
			"from": [7, 5, 7.5],
			"to": [8, 6, 8.5],
			"rotation": {"angle": 0, "axis": "y", "origin": [0, 0, 7.5]},
			"faces": {
				"north": {"uv": [8, 10, 7, 11], "texture": "#3"},
				"east": {"uv": [7, 10, 8, 11], "texture": "#3"},
				"south": {"uv": [7, 10, 8, 11], "texture": "#3"},
				"west": {"uv": [7, 10, 8, 11], "texture": "#3"},
				"up": {"uv": [7, 10, 8, 11], "texture": "#3"},
				"down": {"uv": [7, 10, 8, 11], "texture": "#3"}
			}
		},
		{
			"name": "template_axe_17",
			"from": [4, 4, 7.5],
			"to": [5, 5, 8.5],
			"rotation": {"angle": 0, "axis": "y", "origin": [0, 0, 7.5]},
			"faces": {
				"north": {"uv": [5, 11, 4, 12], "texture": "#3"},
				"east": {"uv": [4, 11, 5, 12], "texture": "#3"},
				"south": {"uv": [4, 11, 5, 12], "texture": "#3"},
				"west": {"uv": [4, 11, 5, 12], "texture": "#3"},
				"up": {"uv": [4, 11, 5, 12], "texture": "#3"},
				"down": {"uv": [4, 11, 5, 12], "texture": "#3"}
			}
		},
		{
			"name": "template_axe_18",
			"from": [6, 4, 7.5],
			"to": [7, 5, 8.5],
			"rotation": {"angle": 0, "axis": "y", "origin": [0, 0, 7.5]},
			"faces": {
				"north": {"uv": [7, 11, 6, 12], "texture": "#3"},
				"east": {"uv": [6, 11, 7, 12], "texture": "#3"},
				"south": {"uv": [6, 11, 7, 12], "texture": "#3"},
				"west": {"uv": [6, 11, 7, 12], "texture": "#3"},
				"up": {"uv": [6, 11, 7, 12], "texture": "#3"},
				"down": {"uv": [6, 11, 7, 12], "texture": "#3"}
			}
		},
		{
			"name": "template_axe_19",
			"from": [3, 3, 7.5],
			"to": [4, 4, 8.5],
			"rotation": {"angle": 0, "axis": "y", "origin": [0, 0, 7.5]},
			"faces": {
				"north": {"uv": [4, 12, 3, 13], "texture": "#3"},
				"east": {"uv": [3, 12, 4, 13], "texture": "#3"},
				"south": {"uv": [3, 12, 4, 13], "texture": "#3"},
				"west": {"uv": [3, 12, 4, 13], "texture": "#3"},
				"up": {"uv": [3, 12, 4, 13], "texture": "#3"},
				"down": {"uv": [3, 12, 4, 13], "texture": "#3"}
			}
		},
		{
			"name": "template_axe_20",
			"from": [5, 3, 7.5],
			"to": [6, 4, 8.5],
			"rotation": {"angle": 0, "axis": "y", "origin": [0, 0, 7.5]},
			"faces": {
				"north": {"uv": [6, 12, 5, 13], "texture": "#3"},
				"east": {"uv": [5, 12, 6, 13], "texture": "#3"},
				"south": {"uv": [5, 12, 6, 13], "texture": "#3"},
				"west": {"uv": [5, 12, 6, 13], "texture": "#3"},
				"up": {"uv": [5, 12, 6, 13], "texture": "#3"},
				"down": {"uv": [5, 12, 6, 13], "texture": "#3"}
			}
		},
		{
			"name": "template_axe_21",
			"from": [2, 1, 7.5],
			"to": [3, 3, 8.5],
			"rotation": {"angle": 0, "axis": "y", "origin": [0, 0, 7.5]},
			"faces": {
				"north": {"uv": [3, 13, 2, 15], "texture": "#3"},
				"east": {"uv": [2, 13, 3, 15], "texture": "#3"},
				"south": {"uv": [2, 13, 3, 15], "texture": "#3"},
				"west": {"uv": [2, 13, 3, 15], "texture": "#3"},
				"up": {"uv": [2, 13, 3, 14], "texture": "#3"},
				"down": {"uv": [2, 14, 3, 15], "texture": "#3"}
			}
		},
		{
			"name": "template_axe_22",
			"from": [4, 2, 7.5],
			"to": [5, 3, 8.5],
			"rotation": {"angle": 0, "axis": "y", "origin": [0, 0, 7.5]},
			"faces": {
				"north": {"uv": [5, 13, 4, 14], "texture": "#3"},
				"east": {"uv": [4, 13, 5, 14], "texture": "#3"},
				"south": {"uv": [4, 13, 5, 14], "texture": "#3"},
				"west": {"uv": [4, 13, 5, 14], "texture": "#3"},
				"up": {"uv": [4, 13, 5, 14], "texture": "#3"},
				"down": {"uv": [4, 13, 5, 14], "texture": "#3"}
			}
		},
		{
			"name": "template_axe_23",
			"from": [3, 1, 7.5],
			"to": [4, 2, 8.5],
			"rotation": {"angle": 0, "axis": "y", "origin": [0, 0, 7.5]},
			"faces": {
				"north": {"uv": [4, 14, 3, 15], "texture": "#3"},
				"east": {"uv": [3, 14, 4, 15], "texture": "#3"},
				"south": {"uv": [3, 14, 4, 15], "texture": "#3"},
				"west": {"uv": [3, 14, 4, 15], "texture": "#3"},
				"up": {"uv": [3, 14, 4, 15], "texture": "#3"},
				"down": {"uv": [3, 14, 4, 15], "texture": "#3"}
			}
		}
	],
	"gui_light": "front",
	"display": {
		"thirdperson_righthand": {
			"rotation": [0, -90, 55],
			"translation": [0, 4, 0.5],
			"scale": [0.85, 0.85, 0.85]
		},
		"thirdperson_lefthand": {
			"rotation": [0, 90, -55],
			"translation": [0, 4, 0.5],
			"scale": [0.85, 0.85, 0.85]
		},
		"firstperson_righthand": {
			"rotation": [0, -90, 25],
			"translation": [1.13, 3.2, 1.13],
			"scale": [0.68, 0.68, 0.68]
		},
		"firstperson_lefthand": {
			"rotation": [0, 90, -25],
			"translation": [1.13, 3.2, 1.13],
			"scale": [0.68, 0.68, 0.68]
		},
		"fixed": {
			"rotation": [0, 180, 0]
		}
	},
	"groups": [
		{
			"name": "template_axe",
			"origin": [8, 8, 8],
			"color": 0,
			"children": [0, 1, 2, 3, 4, 5, 6, 7, 8, 9, 10, 11, 12, 13, 14, 15, 16, 17, 18, 19, 20, 21, 22, 23]
		}
	]
}