{
	"credit": "Made with Blockbench",
	"textures": {
		"4": "item/bvb/template_battleaxe",
		"particle": "item/bvb/template_sword"
	},
	"elements": [
		{
			"name": "template_battleaxe_0",
			"from": [6, 14, 7.5],
			"to": [10, 15, 8.5],
			"rotation": {"angle": 0, "axis": "y", "origin": [-1, 0, 7.5]},
			"faces": {
				"north": {"uv": [11, 1, 7, 2], "texture": "#4"},
				"east": {"uv": [10, 1, 11, 2], "texture": "#4"},
				"south": {"uv": [7, 1, 11, 2], "texture": "#4"},
				"west": {"uv": [7, 1, 8, 2], "texture": "#4"},
				"up": {"uv": [7, 1, 11, 2], "texture": "#4"},
				"down": {"uv": [7, 1, 11, 2], "texture": "#4"}
			}
		},
		{
			"name": "template_battleaxe_1",
			"from": [5, 13, 7.5],
			"to": [6, 14, 8.5],
			"rotation": {"angle": 0, "axis": "y", "origin": [-1, 0, 7.5]},
			"faces": {
				"north": {"uv": [7, 2, 6, 3], "texture": "#4"},
				"east": {"uv": [6, 2, 7, 3], "texture": "#4"},
				"south": {"uv": [6, 2, 7, 3], "texture": "#4"},
				"west": {"uv": [6, 2, 7, 3], "texture": "#4"},
				"up": {"uv": [6, 2, 7, 3], "texture": "#4"},
				"down": {"uv": [6, 2, 7, 3], "texture": "#4"}
			}
		},
		{
			"name": "template_battleaxe_2",
			"from": [8, 13, 7.5],
			"to": [9, 14, 8.5],
			"rotation": {"angle": 0, "axis": "y", "origin": [-1, 0, 7.5]},
			"faces": {
				"north": {"uv": [10, 2, 9, 3], "texture": "#4"},
				"east": {"uv": [9, 2, 10, 3], "texture": "#4"},
				"south": {"uv": [9, 2, 10, 3], "texture": "#4"},
				"west": {"uv": [9, 2, 10, 3], "texture": "#4"},
				"up": {"uv": [9, 2, 10, 3], "texture": "#4"},
				"down": {"uv": [9, 2, 10, 3], "texture": "#4"}
			}
		},
		{
			"name": "template_battleaxe_3",
			"from": [4, 11, 7.5],
			"to": [5, 13, 8.5],
			"rotation": {"angle": 0, "axis": "y", "origin": [-1, 0, 7.5]},
			"faces": {
				"north": {"uv": [6, 3, 5, 5], "texture": "#4"},
				"east": {"uv": [5, 3, 6, 5], "texture": "#4"},
				"south": {"uv": [5, 3, 6, 5], "texture": "#4"},
				"west": {"uv": [5, 3, 6, 5], "texture": "#4"},
				"up": {"uv": [5, 3, 6, 4], "texture": "#4"},
				"down": {"uv": [5, 4, 6, 5], "texture": "#4"}
			}
		},
		{
			"name": "template_battleaxe_4",
			"from": [9, 12, 7.5],
			"to": [10, 13, 8.5],
			"rotation": {"angle": 0, "axis": "y", "origin": [-1, 0, 7.5]},
			"faces": {
				"north": {"uv": [11, 3, 10, 4], "texture": "#4"},
				"east": {"uv": [10, 3, 11, 4], "texture": "#4"},
				"south": {"uv": [10, 3, 11, 4], "texture": "#4"},
				"west": {"uv": [10, 3, 11, 4], "texture": "#4"},
				"up": {"uv": [10, 3, 11, 4], "texture": "#4"},
				"down": {"uv": [10, 3, 11, 4], "texture": "#4"}
			}
		},
		{
			"name": "template_battleaxe_5",
			"from": [10, 11, 7.5],
			"to": [12, 12, 8.5],
			"rotation": {"angle": 0, "axis": "y", "origin": [-1, 0, 7.5]},
			"faces": {
				"north": {"uv": [13, 4, 11, 5], "texture": "#4"},
				"east": {"uv": [12, 4, 13, 5], "texture": "#4"},
				"south": {"uv": [11, 4, 13, 5], "texture": "#4"},
				"west": {"uv": [11, 4, 12, 5], "texture": "#4"},
				"up": {"uv": [11, 4, 13, 5], "texture": "#4"},
				"down": {"uv": [11, 4, 13, 5], "texture": "#4"}
			}
		},
		{
			"name": "template_battleaxe_6",
			"from": [3, 7, 7.5],
			"to": [4, 11, 8.5],
			"rotation": {"angle": 0, "axis": "y", "origin": [-1, 0, 7.5]},
			"faces": {
				"north": {"uv": [5, 5, 4, 9], "texture": "#4"},
				"east": {"uv": [4, 5, 5, 9], "texture": "#4"},
				"south": {"uv": [4, 5, 5, 9], "texture": "#4"},
				"west": {"uv": [4, 5, 5, 9], "texture": "#4"},
				"up": {"uv": [4, 5, 5, 6], "texture": "#4"},
				"down": {"uv": [4, 8, 5, 9], "texture": "#4"}
			}
		},
		{
			"name": "template_battleaxe_7",
			"from": [11, 10, 7.5],
			"to": [12, 11, 8.5],
			"rotation": {"angle": 0, "axis": "y", "origin": [-1, 0, 7.5]},
			"faces": {
				"north": {"uv": [13, 5, 12, 6], "texture": "#4"},
				"east": {"uv": [12, 5, 13, 6], "texture": "#4"},
				"south": {"uv": [12, 5, 13, 6], "texture": "#4"},
				"west": {"uv": [12, 5, 13, 6], "texture": "#4"},
				"up": {"uv": [12, 5, 13, 6], "texture": "#4"},
				"down": {"uv": [12, 5, 13, 6], "texture": "#4"}
			}
		},
		{
			"name": "template_battleaxe_8",
			"from": [5, 9, 7.5],
			"to": [7, 10, 8.5],
			"rotation": {"angle": 0, "axis": "y", "origin": [-1, 0, 7.5]},
			"faces": {
				"north": {"uv": [8, 6, 6, 7], "texture": "#4"},
				"east": {"uv": [7, 6, 8, 7], "texture": "#4"},
				"south": {"uv": [6, 6, 8, 7], "texture": "#4"},
				"west": {"uv": [6, 6, 7, 7], "texture": "#4"},
				"up": {"uv": [6, 6, 8, 7], "texture": "#4"},
				"down": {"uv": [6, 6, 8, 7], "texture": "#4"}
			}
		},
		{
			"name": "template_battleaxe_9",
			"from": [12, 9, 7.5],
			"to": [13, 10, 8.5],
			"rotation": {"angle": 0, "axis": "y", "origin": [-1, 0, 7.5]},
			"faces": {
				"north": {"uv": [14, 6, 13, 7], "texture": "#4"},
				"east": {"uv": [13, 6, 14, 7], "texture": "#4"},
				"south": {"uv": [13, 6, 14, 7], "texture": "#4"},
				"west": {"uv": [13, 6, 14, 7], "texture": "#4"},
				"up": {"uv": [13, 6, 14, 7], "texture": "#4"},
				"down": {"uv": [13, 6, 14, 7], "texture": "#4"}
			}
		},
		{
			"name": "template_battleaxe_10",
			"from": [14, 6, 7.5],
			"to": [15, 10, 8.5],
			"rotation": {"angle": 0, "axis": "y", "origin": [-1, 0, 7.5]},
			"faces": {
				"north": {"uv": [16, 6, 15, 10], "texture": "#4"},
				"east": {"uv": [15, 6, 16, 10], "texture": "#4"},
				"south": {"uv": [15, 6, 16, 10], "texture": "#4"},
				"west": {"uv": [15, 6, 16, 10], "texture": "#4"},
				"up": {"uv": [15, 6, 16, 7], "texture": "#4"},
				"down": {"uv": [15, 9, 16, 10], "texture": "#4"}
			}
		},
		{
			"name": "template_battleaxe_11",
			"from": [4, 8, 7.5],
			"to": [5, 9, 8.5],
			"rotation": {"angle": 0, "axis": "y", "origin": [-1, 0, 7.5]},
			"faces": {
				"north": {"uv": [6, 7, 5, 8], "texture": "#4"},
				"east": {"uv": [5, 7, 6, 8], "texture": "#4"},
				"south": {"uv": [5, 7, 6, 8], "texture": "#4"},
				"west": {"uv": [5, 7, 6, 8], "texture": "#4"},
				"up": {"uv": [5, 7, 6, 8], "texture": "#4"},
				"down": {"uv": [5, 7, 6, 8], "texture": "#4"}
			}
		},
		{
			"name": "template_battleaxe_12",
			"from": [7, 8, 7.5],
			"to": [8, 9, 8.5],
			"rotation": {"angle": 0, "axis": "y", "origin": [-1, 0, 7.5]},
			"faces": {
				"north": {"uv": [9, 7, 8, 8], "texture": "#4"},
				"east": {"uv": [8, 7, 9, 8], "texture": "#4"},
				"south": {"uv": [8, 7, 9, 8], "texture": "#4"},
				"west": {"uv": [8, 7, 9, 8], "texture": "#4"},
				"up": {"uv": [8, 7, 9, 8], "texture": "#4"},
				"down": {"uv": [8, 7, 9, 8], "texture": "#4"}
			}
		},
		{
			"name": "template_battleaxe_13",
			"from": [13, 8, 7.5],
			"to": [14, 9, 8.5],
			"rotation": {"angle": 0, "axis": "y", "origin": [-1, 0, 7.5]},
			"faces": {
				"north": {"uv": [15, 7, 14, 8], "texture": "#4"},
				"east": {"uv": [14, 7, 15, 8], "texture": "#4"},
				"south": {"uv": [14, 7, 15, 8], "texture": "#4"},
				"west": {"uv": [14, 7, 15, 8], "texture": "#4"},
				"up": {"uv": [14, 7, 15, 8], "texture": "#4"},
				"down": {"uv": [14, 7, 15, 8], "texture": "#4"}
			}
		},
		{
			"name": "template_battleaxe_14",
			"from": [6, 7, 7.5],
			"to": [7, 8, 8.5],
			"rotation": {"angle": 0, "axis": "y", "origin": [-1, 0, 7.5]},
			"faces": {
				"north": {"uv": [8, 8, 7, 9], "texture": "#4"},
				"east": {"uv": [7, 8, 8, 9], "texture": "#4"},
				"south": {"uv": [7, 8, 8, 9], "texture": "#4"},
				"west": {"uv": [7, 8, 8, 9], "texture": "#4"},
				"up": {"uv": [7, 8, 8, 9], "texture": "#4"},
				"down": {"uv": [7, 8, 8, 9], "texture": "#4"}
			}
		},
		{
			"name": "template_battleaxe_15",
			"from": [8, 7, 7.5],
			"to": [9, 8, 8.5],
			"rotation": {"angle": 0, "axis": "y", "origin": [-1, 0, 7.5]},
			"faces": {
				"north": {"uv": [10, 8, 9, 9], "texture": "#4"},
				"east": {"uv": [9, 8, 10, 9], "texture": "#4"},
				"south": {"uv": [9, 8, 10, 9], "texture": "#4"},
				"west": {"uv": [9, 8, 10, 9], "texture": "#4"},
				"up": {"uv": [9, 8, 10, 9], "texture": "#4"},
				"down": {"uv": [9, 8, 10, 9], "texture": "#4"}
			}
		},
		{
			"name": "template_battleaxe_16",
			"from": [5, 6, 7.5],
			"to": [6, 7, 8.5],
			"rotation": {"angle": 0, "axis": "y", "origin": [-1, 0, 7.5]},
			"faces": {
				"north": {"uv": [7, 9, 6, 10], "texture": "#4"},
				"east": {"uv": [6, 9, 7, 10], "texture": "#4"},
				"south": {"uv": [6, 9, 7, 10], "texture": "#4"},
				"west": {"uv": [6, 9, 7, 10], "texture": "#4"},
				"up": {"uv": [6, 9, 7, 10], "texture": "#4"},
				"down": {"uv": [6, 9, 7, 10], "texture": "#4"}
			}
		},
		{
			"name": "template_battleaxe_17",
			"from": [7, 6, 7.5],
			"to": [8, 7, 8.5],
			"rotation": {"angle": 0, "axis": "y", "origin": [-1, 0, 7.5]},
			"faces": {
				"north": {"uv": [9, 9, 8, 10], "texture": "#4"},
				"east": {"uv": [8, 9, 9, 10], "texture": "#4"},
				"south": {"uv": [8, 9, 9, 10], "texture": "#4"},
				"west": {"uv": [8, 9, 9, 10], "texture": "#4"},
				"up": {"uv": [8, 9, 9, 10], "texture": "#4"},
				"down": {"uv": [8, 9, 9, 10], "texture": "#4"}
			}
		},
		{
			"name": "template_battleaxe_18",
			"from": [9, 5, 7.5],
			"to": [10, 7, 8.5],
			"rotation": {"angle": 0, "axis": "y", "origin": [-1, 0, 7.5]},
			"faces": {
				"north": {"uv": [11, 9, 10, 11], "texture": "#4"},
				"east": {"uv": [10, 9, 11, 11], "texture": "#4"},
				"south": {"uv": [10, 9, 11, 11], "texture": "#4"},
				"west": {"uv": [10, 9, 11, 11], "texture": "#4"},
				"up": {"uv": [10, 9, 11, 10], "texture": "#4"},
				"down": {"uv": [10, 10, 11, 11], "texture": "#4"}
			}
		},
		{
			"name": "template_battleaxe_19",
			"from": [4, 5, 7.5],
			"to": [5, 6, 8.5],
			"rotation": {"angle": 0, "axis": "y", "origin": [-1, 0, 7.5]},
			"faces": {
				"north": {"uv": [6, 10, 5, 11], "texture": "#4"},
				"east": {"uv": [5, 10, 6, 11], "texture": "#4"},
				"south": {"uv": [5, 10, 6, 11], "texture": "#4"},
				"west": {"uv": [5, 10, 6, 11], "texture": "#4"},
				"up": {"uv": [5, 10, 6, 11], "texture": "#4"},
				"down": {"uv": [5, 10, 6, 11], "texture": "#4"}
			}
		},
		{
			"name": "template_battleaxe_20",
			"from": [6, 5, 7.5],
			"to": [7, 6, 8.5],
			"rotation": {"angle": 0, "axis": "y", "origin": [-1, 0, 7.5]},
			"faces": {
				"north": {"uv": [8, 10, 7, 11], "texture": "#4"},
				"east": {"uv": [7, 10, 8, 11], "texture": "#4"},
				"south": {"uv": [7, 10, 8, 11], "texture": "#4"},
				"west": {"uv": [7, 10, 8, 11], "texture": "#4"},
				"up": {"uv": [7, 10, 8, 11], "texture": "#4"},
				"down": {"uv": [7, 10, 8, 11], "texture": "#4"}
			}
		},
		{
			"name": "template_battleaxe_21",
			"from": [13, 5, 7.5],
			"to": [14, 6, 8.5],
			"rotation": {"angle": 0, "axis": "y", "origin": [-1, 0, 7.5]},
			"faces": {
				"north": {"uv": [15, 10, 14, 11], "texture": "#4"},
				"east": {"uv": [14, 10, 15, 11], "texture": "#4"},
				"south": {"uv": [14, 10, 15, 11], "texture": "#4"},
				"west": {"uv": [14, 10, 15, 11], "texture": "#4"},
				"up": {"uv": [14, 10, 15, 11], "texture": "#4"},
				"down": {"uv": [14, 10, 15, 11], "texture": "#4"}
			}
		},
		{
			"name": "template_battleaxe_22",
			"from": [3, 4, 7.5],
			"to": [4, 5, 8.5],
			"rotation": {"angle": 0, "axis": "y", "origin": [-1, 0, 7.5]},
			"faces": {
				"north": {"uv": [5, 11, 4, 12], "texture": "#4"},
				"east": {"uv": [4, 11, 5, 12], "texture": "#4"},
				"south": {"uv": [4, 11, 5, 12], "texture": "#4"},
				"west": {"uv": [4, 11, 5, 12], "texture": "#4"},
				"up": {"uv": [4, 11, 5, 12], "texture": "#4"},
				"down": {"uv": [4, 11, 5, 12], "texture": "#4"}
			}
		},
		{
			"name": "template_battleaxe_23",
			"from": [5, 4, 7.5],
			"to": [6, 5, 8.5],
			"rotation": {"angle": 0, "axis": "y", "origin": [-1, 0, 7.5]},
			"faces": {
				"north": {"uv": [7, 11, 6, 12], "texture": "#4"},
				"east": {"uv": [6, 11, 7, 12], "texture": "#4"},
				"south": {"uv": [6, 11, 7, 12], "texture": "#4"},
				"west": {"uv": [6, 11, 7, 12], "texture": "#4"},
				"up": {"uv": [6, 11, 7, 12], "texture": "#4"},
				"down": {"uv": [6, 11, 7, 12], "texture": "#4"}
			}
		},
		{
			"name": "template_battleaxe_24",
			"from": [8, 3, 7.5],
			"to": [9, 5, 8.5],
			"rotation": {"angle": 0, "axis": "y", "origin": [-1, 0, 7.5]},
			"faces": {
				"north": {"uv": [10, 11, 9, 13], "texture": "#4"},
				"east": {"uv": [9, 11, 10, 13], "texture": "#4"},
				"south": {"uv": [9, 11, 10, 13], "texture": "#4"},
				"west": {"uv": [9, 11, 10, 13], "texture": "#4"},
				"up": {"uv": [9, 11, 10, 12], "texture": "#4"},
				"down": {"uv": [9, 12, 10, 13], "texture": "#4"}
			}
		},
		{
			"name": "template_battleaxe_25",
			"from": [11, 4, 7.5],
			"to": [13, 5, 8.5],
			"rotation": {"angle": 0, "axis": "y", "origin": [-1, 0, 7.5]},
			"faces": {
				"north": {"uv": [14, 11, 12, 12], "texture": "#4"},
				"east": {"uv": [13, 11, 14, 12], "texture": "#4"},
				"south": {"uv": [12, 11, 14, 12], "texture": "#4"},
				"west": {"uv": [12, 11, 13, 12], "texture": "#4"},
				"up": {"uv": [12, 11, 14, 12], "texture": "#4"},
				"down": {"uv": [12, 11, 14, 12], "texture": "#4"}
			}
		},
		{
			"name": "template_battleaxe_26",
			"from": [2, 3, 7.5],
			"to": [3, 4, 8.5],
			"rotation": {"angle": 0, "axis": "y", "origin": [-1, 0, 7.5]},
			"faces": {
				"north": {"uv": [4, 12, 3, 13], "texture": "#4"},
				"east": {"uv": [3, 12, 4, 13], "texture": "#4"},
				"south": {"uv": [3, 12, 4, 13], "texture": "#4"},
				"west": {"uv": [3, 12, 4, 13], "texture": "#4"},
				"up": {"uv": [3, 12, 4, 13], "texture": "#4"},
				"down": {"uv": [3, 12, 4, 13], "texture": "#4"}
			}
		},
		{
			"name": "template_battleaxe_27",
			"from": [4, 3, 7.5],
			"to": [5, 4, 8.5],
			"rotation": {"angle": 0, "axis": "y", "origin": [-1, 0, 7.5]},
			"faces": {
				"north": {"uv": [6, 12, 5, 13], "texture": "#4"},
				"east": {"uv": [5, 12, 6, 13], "texture": "#4"},
				"south": {"uv": [5, 12, 6, 13], "texture": "#4"},
				"west": {"uv": [5, 12, 6, 13], "texture": "#4"},
				"up": {"uv": [5, 12, 6, 13], "texture": "#4"},
				"down": {"uv": [5, 12, 6, 13], "texture": "#4"}
			}
		},
		{
			"name": "template_battleaxe_28",
			"from": [7, 3, 7.5],
			"to": [8, 4, 8.5],
			"rotation": {"angle": 0, "axis": "y", "origin": [-1, 0, 7.5]},
			"faces": {
				"north": {"uv": [9, 12, 8, 13], "texture": "#4"},
				"east": {"uv": [8, 12, 9, 13], "texture": "#4"},
				"south": {"uv": [8, 12, 9, 13], "texture": "#4"},
				"west": {"uv": [8, 12, 9, 13], "texture": "#4"},
				"up": {"uv": [8, 12, 9, 13], "texture": "#4"},
				"down": {"uv": [8, 12, 9, 13], "texture": "#4"}
			}
		},
		{
			"name": "template_battleaxe_29",
			"from": [9, 3, 7.5],
			"to": [11, 4, 8.5],
			"rotation": {"angle": 0, "axis": "y", "origin": [-1, 0, 7.5]},
			"faces": {
				"north": {"uv": [12, 12, 10, 13], "texture": "#4"},
				"east": {"uv": [11, 12, 12, 13], "texture": "#4"},
				"south": {"uv": [10, 12, 12, 13], "texture": "#4"},
				"west": {"uv": [10, 12, 11, 13], "texture": "#4"},
				"up": {"uv": [10, 12, 12, 13], "texture": "#4"},
				"down": {"uv": [10, 12, 12, 13], "texture": "#4"}
			}
		},
		{
			"name": "template_battleaxe_30",
			"from": [1, 1, 7.5],
			"to": [2, 3, 8.5],
			"rotation": {"angle": 0, "axis": "y", "origin": [-1, 0, 7.5]},
			"faces": {
				"north": {"uv": [3, 13, 2, 15], "texture": "#4"},
				"east": {"uv": [2, 13, 3, 15], "texture": "#4"},
				"south": {"uv": [2, 13, 3, 15], "texture": "#4"},
				"west": {"uv": [2, 13, 3, 15], "texture": "#4"},
				"up": {"uv": [2, 13, 3, 14], "texture": "#4"},
				"down": {"uv": [2, 14, 3, 15], "texture": "#4"}
			}
		},
		{
			"name": "template_battleaxe_31",
			"from": [3, 2, 7.5],
			"to": [4, 3, 8.5],
			"rotation": {"angle": 0, "axis": "y", "origin": [-1, 0, 7.5]},
			"faces": {
				"north": {"uv": [5, 13, 4, 14], "texture": "#4"},
				"east": {"uv": [4, 13, 5, 14], "texture": "#4"},
				"south": {"uv": [4, 13, 5, 14], "texture": "#4"},
				"west": {"uv": [4, 13, 5, 14], "texture": "#4"},
				"up": {"uv": [4, 13, 5, 14], "texture": "#4"},
				"down": {"uv": [4, 13, 5, 14], "texture": "#4"}
			}
		},
		{
			"name": "template_battleaxe_32",
			"from": [2, 1, 7.5],
			"to": [3, 2, 8.5],
			"rotation": {"angle": 0, "axis": "y", "origin": [-1, 0, 7.5]},
			"faces": {
				"north": {"uv": [4, 14, 3, 15], "texture": "#4"},
				"east": {"uv": [3, 14, 4, 15], "texture": "#4"},
				"south": {"uv": [3, 14, 4, 15], "texture": "#4"},
				"west": {"uv": [3, 14, 4, 15], "texture": "#4"},
				"up": {"uv": [3, 14, 4, 15], "texture": "#4"},
				"down": {"uv": [3, 14, 4, 15], "texture": "#4"}
			}
		}
	],
	"gui_light": "front",
	"display": {
		"thirdperson_righthand": {
			"rotation": [0, -90, 55],
			"translation": [0, 4, 0.5],
			"scale": [0.85, 0.85, 0.85]
		},
		"thirdperson_lefthand": {
			"rotation": [0, 90, -55],
			"translation": [0, 4, 0.5],
			"scale": [0.85, 0.85, 0.85]
		},
		"firstperson_righthand": {
			"rotation": [0, -90, 25],
			"translation": [1.13, 3.2, 1.13],
			"scale": [0.68, 0.68, 0.68]
		},
		"firstperson_lefthand": {
			"rotation": [0, 90, -25],
			"translation": [1.13, 3.2, 1.13],
			"scale": [0.68, 0.68, 0.68]
		},
		"fixed": {
			"rotation": [0, 180, 0]
		}
	},
	"groups": [
		{
			"name": "template_battleaxe",
			"origin": [8, 8, 8],
			"color": 0,
			"children": [0, 1, 2, 3, 4, 5, 6, 7, 8, 9, 10, 11, 12, 13, 14, 15, 16, 17, 18, 19, 20, 21, 22, 23, 24, 25, 26, 27, 28, 29, 30, 31, 32]
		}
	]
}